Date,Open,High,Low,Close,Volume,Dividends,Stock Splits
2001-07-19,11.234037554930335,11.375392678607442,11.159639673303996,11.286115646362305,34994300,0.0,0
2001-07-20,11.196838937144031,11.196838937144031,11.01084493722307,11.16707992553711,9238500,0.0,0
2001-07-23,11.159637451171877,11.167077379755211,10.824848469538848,11.159637451171877,7501000,0.0,0
2001-07-24,11.12243889754629,11.13731875522104,10.936444933675917,11.05548095703125,3537300,0.0,0
2001-07-25,10.936445412447696,11.12243938446045,10.899246476143007,11.12243938446045,4208100,0.0,0
2001-07-26,11.122438124457403,11.152197128227774,10.787649154663086,10.787649154663086,6335300,0.0,0
2001-07-27,10.795088768005373,10.8546067738095,10.787648839902204,10.795088768005373,3524000,0.0,0
2001-07-30,-107.876483214975,10.995961331801391,-1078.76483214975,10.936443328857422,3654300,0.0,0
2001-07-31,-1094.3883155593244,111.67076019328383,10.862046079678269,11.129877090454102,1429000,-0.0,0
2001-08-01,11.159637820336126,11.531625747680664,11.085239951062952,11.531625747680664,2087900,0.0,0
2001-08-02,11.457229614257812,11.531627494802784,11.23403739164444,11.457229614257812,1717400,0.0,0
2001-08-03,11.457225577628106,11.457225577628106,11.144755724646384,11.271231651306152,983600,0.0,0
2001-08-06,11.2712346732469,11.323313469047092,11.174518429998065,11.234036445617676,777400,0.0,0
2001-08-07,11.2340356896093,11.568824682317253,11.2340356896093,11.531625747680664,788900,0.0,0
2001-08-08,11.457227499398869,11.606023233023008,11.159637451171877,11.159637451171877,2190300,0.0,0
2001-08-09,11.196836754972711,11.531625747680664,11.159637820336126,11.531625747680664,928000,0.0,0
2001-08-10,11.457229857905164,11.457229857905164,11.248916781264375,11.300994873046877,703300,0.0,0
2001-08-13,-1127.123611140593,11.412591948671912,-110.85242111484972,11.16707992553711,1770400,0.0,0
2001-08-14,11.196835123870208,11.204275051615843,10.8992443996398,10.936443328857422,1000800,0.0,0
2001-08-15,10.973642753471191,11.085238836651406,10.936443822574256,11.00340175628662,530900,0.0,0
2001-08-16,10.99596386526019,10.99596386526019,10.452861785888672,10.452861785888672,1522700,0.0,0
2001-08-17,10.460299503190374,11.010841395592347,10.341262785539977,10.802528381347656,2342400,0.0,0
2001-08-20,10.862045935664517,11.42002773284912,10.780208151324029,11.42002773284912,1434900,0.0,0
2001-08-21,11.345633269662516,11.606025136704975,11.167079211438931,11.50186824798584,1038200,0.0,0
2001-08-22,11.397710168802291,11.44978896247773,10.99596322500539,11.412590026855469,829000,0.0,0
2001-08-23,11.494428558404223,11.494428558404223,11.345633506774902,11.345633506774902,470000,0.0,0
2001-08-24,11.345633502951124,11.51674763488948,11.159639511099469,11.457229614257812,689000,0.0,0
2001-08-27,11.516746520996094,11.6432224799834,11.457228506120977,11.516746520996094,827700,0.0,0
2001-08-28,11.472108118494132,11.591144145690796,11.345632162220005,11.42746925354004,736900,0.0,0
2001-08-29,11.37539300678556,11.390272867344423,11.159639995257676,11.16707992553711,397400,0.0,0
2001-08-30,11.048042221361763,-111.8939732790675,11.048042221361763,-1112.243938446045,-6401000,0.0,0
2001-08-31,11.159638236119784,11.234036108164856,11.085240364074709,11.085240364074709,3337900,0.0,0
2001-09-04,11.159637576479192,11.643221587655695,11.159637576479192,11.44234848022461,1068600,0.0,0
2001-09-05,11.442346863385058,11.442346863385058,11.08523814245277,11.09267807006836,1053200,0.0,0
2001-09-06,10.973643105605554,11.167076984868268,10.713251290481852,10.787649154663086,1384500,0.0,0
2001-09-07,10.750449595653553,10.891805387452523,10.67605244532145,10.802528381347656,1408500,0.0,0
2001-09-10,10.847165726335469,11.278671578641555,10.82484665383978,11.271231651306152,622100,0.0,0
2001-09-17,11.263794107621294,11.263794107621294,10.765330254230832,10.86204719543457,1934300,0.0,0
2001-09-18,-108.62049021345983,11.159639113912691,10.676055036114109,10.82485008239746,-90280000,0.0,0
2001-09-19,10.862046513423715,10.929003736658508,10.207347751428667,10.378461837768556,2415400,0.0,0
2001-09-20,10.34126509401018,10.34126509401018,9.552651009287027,9.634488105773926,3498900,0.0,0
2001-09-21,9.56009181484728,9.671687930238011,9.046747981223984,9.48569393157959,2051800,0.0,0
2001-09-24,9.671686268888624,9.879999312940155,9.634487333644609,9.820481300354004,1964200,0.0,0
2001-09-25,9.820481101522264,9.820481101522264,9.448493175634978,9.5228910446167,1827300,0.0,0
2001-09-26,9.522889474953091,9.641925478094542,9.07650375366211,9.07650375366211,3327200,0.0,0
2001-09-27,9.12114540835751,9.12114540835751,8.637560610322447,8.816115379333496,2347500,0.0,0
2001-09-28,9.00210981887201,10.006476985921015,9.00210981887201,9.48569393157959,2844000,0.0,0
2001-10-01,9.411293120111017,9.67168492101962,9.411293120111017,9.448492050170898,878800,0.0,0
2001-10-02,-93.36896660505674,-944.8492749433736,9.01698683162964,9.35921573638916,1900400,0.0,0
2001-10-03,9.3889761068025,9.716325911771555,9.374096957218852,9.634488105773926,2539400,0.0,0
2001-10-04,9.6493677513961,10.266867699937364,9.6493677513961,10.036234855651855,3108500,0.0,0
2001-10-05,10.043675502992814,10.222229563874546,9.90975960257613,10.0808744430542,2172300,0.0,0
2001-10-08,10.118072809188751,10.185030046088317,9.842801094055176,9.842801094055176,576100,0.0,0
2001-10-09,10.028794441384347,10.26686720354181,9.954397279687576,9.969276428222656,1601100,0.0,0
2001-10-10,9.932080555136194,10.229670691446666,9.894881610719672,10.17015266418457,1700400,0.0,0
2001-10-11,11.531624085988712,11.531624085988712,10.936443346100086,11.278672218322754,4214100,0.0,0
2001-10-12,11.353072247550127,12.312800407409668,11.353072247550127,12.312800407409668,5193300,0.0,0
2001-10-15,12.283042024596009,13.35436769570827,12.283042024596009,13.019577980041504,3277900,0.0,0
2001-10-16,13.13117424066476,13.42876431435553,12.573192320361544,12.982379913330078,1996000,0.0,0
2001-10-17,13.131174367217184,13.198132311820592,12.535994214099563,12.632710456848145,1877100,0.0,0
2001-10-18,12.632708832182434,12.632708832182434,12.357438578900489,12.424396514892578,942000,0.0,0
2001-10-19,12.424396535213226,12.535992622375488,12.30536051970398,12.535992622375488,2062500,0.0,0
2001-10-22,12.647590037754604,-130.7165606491825,12.625270250369692,-1301.9577980041504,4696000,0.0,0
2001-10-23,13.019576572953646,13.190690667347369,12.848462478559922,13.108854293823242,915400,0.0,0
2001-10-24,13.15349245664044,13.213010464266906,13.071654664021082,13.19813060760498,472600,0.0,0
2001-10-25,13.19813060760498,132.05570535935945,1274.4304912564894,13.19813060760498,-26510000,0.0,0
2001-10-26,13.168372301395896,13.227890308968547,13.019576572953646,13.108854293823242,566500,0.0,0
2001-10-29,13.18324911360578,13.190689041012718,12.945177112668052,13.05677318572998,616200,0.0,0
2001-10-30,12.982380703941695,12.989819214593233,12.759187070815338,12.90798282623291,574700,0.0,0
2001-10-31,12.960061072377886,13.093976970076383,12.721988996034565,13.071657180786133,718600,0.0,0
2001-11-01,13.034454241426449,13.830507991205105,13.034454241426449,13.622194290161133,1089900,0.0,0
2001-11-02,13.763556336703369,14.209942231427805,13.465966213227622,13.57756233215332,2372800,0.0,0
2001-11-05,13.577560420535589,13.592440279369816,13.220452322642812,13.465964317321776,1552700,0.0,0
2001-11-06,13.376685457966,13.376685457966,12.90798129629119,13.369245529174805,562600,0.0,0
2001-11-07,13.376683285694304,14.06114101409912,13.361803430528289,14.06114101409912,1987000,0.0,0
2001-11-08,13.912351419165663,-148.57199837044965,1391.2351419165664,14.842321395874023,1747200,0.0,0
2001-11-09,14.693525631992056,14.842321395874022,14.619127750051074,14.842321395874023,1325400,0.0,0
2001-11-12,14.69352257693079,14.69352257693079,14.13554070692076,14.500088691711426,2398300,0.0,0
2001-11-13,14.656325716459706,15.802047858224958,14.6265659994942,15.474698066711426,1463000,0.0,0
2001-11-14,15.623492949132965,15.921083007216945,14.85719730792305,15.035751342773438,1391400,0.0,0
2001-11-15,14.916717847074771,15.214309374604914,14.916717847074771,15.065513610839844,628200,0.0,0
2001-11-16,15.065510079756905,15.809485886164651,15.028311857045011,15.65325164794922,639100,0.0,0
2001-11-19,15.69788993258854,16.553461833433673,15.69788993258854,16.367467880249023,1430000,0.0,0
2001-11-20,16.33770854738541,16.33770854738541,15.735088522348088,15.809486389160156,1017400,0.0,0
2001-11-21,15.772287551683585,-157.7972606095626,14.730720294876738,1513.9907836914062,1442600,0.0,0
2001-11-23,15.132466831447,15.340780551784237,15.072948828353663,15.288701057434082,286500,0.0,0
2001-11-26,15.385420576519357,16.069878405113762,15.08039059607176,15.99548053741455,1064900,0.0,0
2001-11-27,16.069880044546476,16.92545206281874,15.995482169257269,16.739458084106445,1210000,0.0,0
2001-11-28,16.367464980075844,16.441862831971296,15.51933315792227,16.255868911743164,1415900,0.0,0
2001-11-29,16.24099428198283,16.54602429575772,15.63093425443305,15.943404197692873,1326400,0.0,0
2001-11-30,15.965718986393677,16.858490458057517,15.928520766333156,16.813852310180664,2075400,0.0,0
2001-12-03,16.92545034042842,17.855420139353058,16.739456380643492,-1703.7046432495117,1244400,-0.0,0
2001-12-04,16.92545333025425,18.22741127873535,16.85105544939388,18.00421905517578,2087000,0.0,0
2001-12-05,18.15301365272356,19.938555723331824,18.108375491189285,19.82695960998535,3386200,0.0,0
2001-12-06,19.826947842125914,20.21381546319684,19.26896618755002,19.52935791015625,3190200,0.0,0
2001-12-07,19.268973369313027,19.30617301156192,18.450599687113836,18.4952392578125,1115400,0.0,0
2001-12-10,18.59939941779347,19.49217115745618,18.2274114294376,18.30180931091309,1732100,0.0,0
2001-12-11,18.264607450296488,18.51011943613884,18.227409223571225,18.42084312438965,1713200,0.0,0
2001-12-12,18.41340212872837,18.822588275091597,18.25716788270576,18.72587203979492,2044100,0.0,0
2001-12-13,18.68867186703564,18.696110375957318,172.60238339497747,-1733.463478088379,1446600,0.0,0
2001-12-14,17.37183386122173,17.74382173225851,16.84361034645853,17.59502601623535,1156200,0.0,0
2001-12-17,17.706629289575403,18.97138913269723,17.639671332055915,18.94162940979004,1428100,0.0,0
2001-12-18,19.1573794838678,19.417771333472228,18.9788254376017,19.306175231933597,2640200,0.0,0
2001-12-19,19.268978277905365,19.626086420337117,18.934189926508708,19.36569595336914,1160100,0.0,0
2001-12-20,20.53373361741964,20.83132367178372,19.053221855314717,20.12454605102539,2425100,0.0,0
2001-12-21,19.82695735431019,20.273343175933185,19.432651037410697,19.45496940612793,1900500,0.0,0
2001-12-24,19.45497099926933,19.45497099926933,19.306176659224704,19.350814819335938,181100,0.0,0
2001-12-26,19.425208742156336,19.52192497253418,19.35081087777733,19.52192497253418,667000,0.0,0
2001-12-27,19.514488230288823,19.56656631815045,19.343374107594485,19.559127807617188,702000,0.0,0
2001-12-28,19.559123398436075,19.7823155586782,19.343369747050364,19.75255584716797,1174700,0.0,0
2001-12-31,19.76000024318036,20.035271960809872,19.417771997554908,20.02783203125,920700,0.0,0
2002-01-02,20.012946924335044,20.02038685194402,19.30617082973535,19.49960327148437,900500,0.0,0
2002-01-03,19.514491148558022,19.54425087122732,18.822593205735505,18.889551162719727,698200,0.0,0
2002-01-04,18.889544442213367,20.98011738823328,18.777948359950447,20.608129501342773,2708500,0.0,0
2002-01-07,20.66021150965228,20.682529878938865,19.678163528442383,19.678163528442383,1113600,0.0,0
2002-01-08,19.685600530455613,20.31054036498005,17.94469832744765,20.29566192626953,1746900,0.0,0
2002-01-09,20.087351310515253,21.084279229818105,19.53680925969483,20.511417388916016,3008600,0.0,0
2002-01-10,20.816440866338247,20.94291679890944,20.280778844342016,20.697404861450195,2384900,0.0,0
2002-01-11,20.533738356480008,20.645334475244567,19.350816375728044,19.693044662475582,3910300,0.0,0
2002-01-14,19.04578397655506,19.08298220522138,18.45804231428128,18.554759979248047,4285500,0.0,0
2002-01-15,18.599400961802544,19.343377000274646,18.599400961802544,18.889551162719727,3987000,0.0,0
2002-01-16,189.11866403266825,19.841836227544263,18.52499861580229,19.343372344970703,315370000,0.0,0
2002-01-17,19.343372344970703,19.52936630982619,19.224336320984897,19.343372344970703,1226800,0.0,0
2002-01-18,19.30617169557786,19.335929988327276,19.03833996572735,19.16481590270996,758100,0.0,0
2002-01-22,19.105300840787883,19.105300840787883,18.52499914307412,18.569637298583984,1914100,0.0,0
2002-01-23,18.52500024061948,18.59939811689134,18.086054331539128,18.26460838317871,2515200,0.0,0
2002-01-24,18.78538855213837,19.521924408256503,18.78538855213837,19.12017822265625,1689200,0.0,0
2002-01-25,19.082982053239643,19.15737992900122,18.748193740844727,18.748193740844727,1057900,0.0,0
2002-01-28,18.770513060466328,18.770513060466328,-1720.8163266469153,-1785.5422973632812,3010300,0.0,0
2002-01-29,18.115813378647672,18.167891464402565,17.69174734433337,17.766143798828125,2563400,0.0,0
2002-01-30,17.661987092757087,18.59195693600897,17.334637310606446,18.562198638916016,1677500,0.0,0
2002-01-31,18.97138329753047,19.45496729385935,18.97138329753047,19.179697036743164,1785300,0.0,0
2002-02-01,19.268977596673597,21.05451966472824,19.194579714875157,20.83132743835449,2698000,0.0,0
2002-02-04,20.756925672166087,20.794125315614657,20.094787628015855,20.31797981262207,1659800,0.0,0
2002-02-05,20.05014537533575,20.392373510960933,19.94598781399768,20.23613929748535,1007200,0.0,0
2002-02-06,20.23614596715012,20.251024407369933,19.998072476353943,20.102230072021484,825700,0.0,0
2002-02-07,20.087347412109377,20.5709314178559,19.85671530211112,20.45933532714844,3080600,0.0,0
2002-02-08,20.08735409247049,20.645336150594677,19.864161836829524,20.623016357421875,1346400,0.0,0
2002-02-11,20.384938664668702,20.86852269898513,19.78975853305176,19.938552856445312,1225300,0.0,0
2002-02-12,19.194575338040732,19.49216679737632,19.120178892228083,19.3284912109375,1278100,0.0,0
2002-02-13,19.3433720002691,19.454968093389464,19.08298017030737,19.19457626342773,1198100,0.0,0
2002-02-14,19.343373051396124,20.08734893798828,19.045782980563537,20.08734893798828,1449900,0.0,0
2002-02-15,19.97575240797913,20.45933644003011,19.60376447270585,20.422138214111328,964900,0.0,0
2002-02-19,20.422137846173857,20.422137846173857,19.975752048084008,20.05014991760254,814300,0.0,0
2002-02-20,20.01295312586285,20.355182806818995,19.975754895312235,20.1617488861084,1156200,0.0,0
2002-02-21,20.012950334646188,20.012950334646188,18.56219826018619,19.343372344970703,1514200,0.0,0
2002-02-22,19.19457592395789,19.19457592395789,18.37620364286782,19.068099975585938,2449100,0.0,0
2002-02-25,-1931.3614190981223,19.521927959309348,-184.1340400942836,18.748193740844727,2103500,0.0,0
2002-02-26,18.822589273115952,19.231776860196707,18.62171686315341,19.105300903320312,787100,0.0,0
2002-02-27,20.08734634228105,20.265900361707672,18.97138265659877,19.14993667602539,1830800,0.0,0
2002-02-28,19.29873011918436,19.64095826118668,19.19457255590541,19.484724044799805,1782900,0.0,0
2002-03-01,19.566564878544312,19.566564878544312,19.38057091042499,19.492168426513672,560300,0.0,0
2002-03-04,19.49216846724329,20.228704412252267,19.49216846724329,-1993.8552856445312,-17587000,0.0,0
2002-03-05,20.087346669789905,20.712286457482847,20.087346669789905,20.64532852172852,2029800,0.0,0
2002-03-06,20.45933787717229,20.86852406710716,20.414699719129924,20.489097595214844,770000,0.0,0
2002-03-07,20.503975366274087,20.719729057979254,19.9385535131056,20.191505432128903,1056000,0.0,0
2002-03-08,20.64532498885838,22.691258095862363,20.64532498885838,22.2374324798584,2507500,0.0,0
2002-03-11,22.46807238674904,22.594548344478564,21.94728869750477,22.2448787689209,1379200,0.0,0
2002-03-12,22.096084910681792,22.490391231525887,21.64225915527256,22.177921295166016,1616000,0.0,0
2002-03-13,22.133286996429693,22.15560678828229,21.523226876008543,21.686901092529297,702500,0.0,0
2002-03-14,21.57530018786752,21.59761997477162,21.07683629918007,21.32978820800781,1106700,0.0,0
2002-03-15,21.21819151216603,21.567859649658203,21.017317692767385,21.567859649658203,892800,0.0,0
2002-03-18,21.57529978340377,22.096083449232392,-2157.529978340377,-218.8776969909668,-8385000,0.0,0
2002-03-19,20.8313240638146,20.942920158923627,18.599396485548752,19.343372344970703,8931800,0.0,0
2002-03-20,19.343369747050364,20.236141226061147,18.792827855301468,19.75255584716797,3732200,0.0,0
2002-03-21,19.901354523960865,20.42213820060764,19.71536055644721,20.377498626708984,1457900,0.0,0
2002-03-22,20.496535147340357,21.017318836562858,20.2807828777057,20.556053161621094,1225100,0.0,0
2002-03-25,20.55605198460863,20.55605198460863,19.82695599666131,20.12454605102539,917300,0.0,0
2002-03-26,20.050148920918897,20.370057331609807,19.64096136841817,19.8715934753418,426800,0.0,0
2002-03-27,19.931114970596152,20.027831212879608,19.655843264214692,19.722801208496094,517700,0.0,0
2002-03-28,19.715357192097144,20.08734506364615,19.42520710637568,19.864152908325195,904700,0.0,0
2002-04-01,19.82695960998535,19.86415926044856,19.52936950138757,19.82695960998535,992600,0.0,0
2002-04-02,18.859788320150702,19.41777021471717,18.859788320150702,19.343372344970703,1685100,0.0,0
2002-04-03,19.068103160914557,19.41777276901356,18.80771271108108,19.350814819335938,1223600,0.0,0
2002-04-04,19.335935783534957,19.34337571370743,18.53244177218797,18.673797607421875,2005200,0.0,0
2002-04-05,18.67379332101135,19.038341301654352,18.67379332101135,18.71843147277832,2232300,0.0,0
2002-04-08,-176.69425218164403,-180.04214895169693,17.104003440900595,17.87773895263672,49928000,0.0,0
2002-04-09,17.91493989496548,18.413403812509426,17.892620106769268,18.16045188903809,4387500,0.0,0
2002-04-10,18.227406295304448,18.48779809761303,18.041412353515625,18.041412353515625,3001300,0.0,0
2002-04-11,17.371834765860527,17.483430849178706,15.980599431365068,16.776653289794922,4328000,0.0,0
2002-04-12,-169.25451424184672,17.089125608427988,16.404667735831975,-1675.4337310791016,2328700,0.0,0
2002-04-15,16.880818245281016,16.880818245281016,16.56090829260418,16.69482421875,1178400,0.0,0
2002-04-16,16.739456176757812,18.004215655499138,16.739456176757812,17.66942596435547,1584800,0.0,0
2002-04-17,17.69918933175355,17.944701349591497,17.55783349753729,17.840543746948242,1409100,0.0,0
2002-04-18,17.781024603131627,17.781024603131627,17.12632640321223,17.18584442138672,1078900,0.0,0
2002-04-19,17.03704824216892,18.34644602842149,17.03704824216892,18.2125301361084,3423600,0.0,0
2002-04-22,18.041415856701157,18.21252997580781,17.87774166699323,18.16045188903809,1148300,0.0,0
2002-04-23,18.063733370504163,18.19020931631533,17.595027810548157,17.810781478881836,1451800,0.0,0
2002-04-24,17.669431264880306,17.781027389064683,17.037051335806563,17.223045349121094,1897500,0.0,0
2002-04-25,16.665057037623217,17.223038867581725,16.367467012116247,16.72457504272461,1785300,0.0,0
2002-04-26,16.702253273287475,16.724571633763123,16.21866798400879,16.21866798400879,1581100,0.0,0
2002-04-29,16.28563033180013,16.29307026032201,14.94647441632977,15.07295036315918,2037600,0.0,0
2002-04-30,15.139909055339226,16.032679237137327,14.931595303409,15.95084285736084,1552400,0.0,0
2002-05-01,15.906205179634538,15.913645109413848,15.065512980873764,15.683012962341309,1883900,0.0,0
2002-05-02,15.697888556543552,15.995478571748606,15.62349069798701,15.772286415100098,2146900,0.0,0
2002-05-03,15.660685928603888,15.660685928603888,14.693518209035227,14.782795906066896,3315900,0.0,0
2002-05-06,14.805123775056046,15.251509708876291,14.790243912823628,15.02831745147705,1666900,0.0,0
2002-05-07,15.035750925944882,15.467258271980857,15.005992630472123,15.370540618896484,1462200,0.0,0
2002-05-08,16.516264749651665,16.851053037064055,16.174035114294806,16.531143188476562,2003300,0.0,0
2002-05-09,15.99548579223611,16.21867804963535,14.953919559336716,15.02831745147705,2551700,0.0,0
2002-05-10,15.809481161528758,15.91363728921217,14.507523889402862,15.221739768981934,2037900,0.0,0
2002-05-13,15.325903142852288,15.772288946823004,15.214307046614945,15.735089302062988,1121800,0.0,0
2002-05-14,15.995477139619576,16.255868911743164,15.735085367495987,16.255868911743164,1764000,0.0,0
2002-05-15,16.21867326881219,17.170962885651548,16.025240792896415,16.531143188476562,1669900,0.0,0
2002-05-16,15.251504516601562,15.363100607309024,14.805118734750431,14.8795166015625,8267900,0.0,0
2002-05-17,14.8795166015625,15.058070630498696,14.842318377667109,14.8795166015625,33453400,0.0,0
2002-05-20,14.879519732082386,16.13683954676939,14.581929621245054,15.965723991394045,20891200,0.0,0
2002-05-21,16.13683775268577,16.29307201137225,15.474698233289692,15.54909610748291,6467200,0.0,0
2002-05-22,15.377980240514994,15.526775971972112,15.214306071129174,15.40030002593994,6725800,0.0,0
2002-05-23,15.623487159803584,15.683005149365814,15.36309542333603,15.630927085876465,5913700,0.0,0
2002-05-24,15.593733460484067,15.697891046593492,15.3705412684321,15.489577293395996,2190900,0.0,0
2002-05-28,15.586294980086985,15.735089302062988,15.47469746482829,15.735089302062988,2776000,0.0,0
2002-05-29,15.60117515379042,15.697892821899927,15.474699185585187,15.683012962341309,1915700,0.0,0
2002-05-30,15.68300939506842,15.68300939506842,15.28870172058372,15.407737731933594,1794300,0.0,0
2002-05-31,15.5639770844165,15.69789298378203,15.377983095080271,15.5118989944458,3056000,0.0,0
2002-06-03,15.437496237658465,15.437496237658465,15.08782815902656,15.110146522521973,2583700,0.0,0
2002-06-04,15.102709057836966,15.110148986555703,14.209938896908143,14.60424518585205,5704400,0.0,0
2002-06-05,14.544721508745504,14.70839703874988,14.544721508745504,14.648879051208496,4015300,0.0,0
2002-06-06,14.656321473927292,14.730717906762877,14.358730066500971,14.522405624389648,5180900,0.0,0
2002-06-07,14.35873587276842,14.961357439370966,14.35873587276842,14.842321395874023,3005700,0.0,0
2002-06-10,15.1027113651732,15.251507124237788,14.886959075453223,15.132471084594728,2083200,0.0,0
2002-06-11,15.028320411368991,15.348228998242794,15.028320411368991,15.16967487335205,1870200,0.0,0
2002-06-12,15.251509881572805,15.251509881572805,14.619129919752014,14.968799591064451,2625600,0.0,0
2002-06-13,14.879515124183744,14.95391298360889,14.693521185131448,14.700961112976074,2771800,0.0,0
2002-06-14,14.700962572626304,14.9390346112079,14.38849266723264,14.8795166015625,3848700,0.0,0
2002-06-17,15.06550533840568,15.407733420518497,14.991107497374829,15.3630952835083,3424500,0.0,0
2002-06-18,15.474694771013754,15.61605055845208,15.400298332487262,15.586292266845703,1780800,0.0,0
2002-06-19,15.511900127814794,15.511900127814794,15.162230494140475,15.184550285339355,1098900,0.0,0
2002-06-20,15.184548519619868,15.24406653687426,14.7679223988391,14.85719871520996,2289300,0.0,0
2002-06-21,14.730723709762843,14.80512159092762,14.425693674106675,14.656327247619627,2386400,0.0,0
2002-06-24,14.52984965649992,14.730722068536544,14.19505993806988,14.247138023376465,3360900,0.0,0
2002-06-25,14.433132793181382,14.544728899147596,13.942108791712863,13.949548721313477,2814300,0.0,0
2002-06-26,13.391566772460935,14.202500651648348,13.019578806559243,13.949548721313477,3623400,0.0,0
2002-06-27,14.023942936660683,14.299213164903128,13.82306914695656,14.001623153686523,967800,0.0,0
2002-06-28,14.061142145748338,14.50008797532485,14.061142145748338,14.135540008544922,1571200,0.0,0
2002-07-01,14.135542285976124,14.135542285976124,12.297922299646944,12.461596488952637,5758000,0.0,0
2002-07-02,12.565751713942245,12.870781700414136,12.349999454276883,12.57319164276123,5323700,0.0,0
2002-07-03,12.565752236364643,13.205571951184956,11.93337386969402,13.019577980041504,3582400,0.0,0
2002-07-05,13.242768465786638,13.61475635998313,13.183250459476046,13.317166328430176,1190200,0.0,0
2002-07-08,13.16837484868905,13.205573078484628,12.759187225830145,13.071657180786133,5472700,0.0,0
2002-07-09,13.160933220049063,13.1683731488521,12.164005464783497,12.34999942779541,3892200,0.0,0
2002-07-10,12.275603466346617,12.625271660297823,11.234037395430606,11.345633506774902,7509200,0.0,0
2002-07-11,11.174517760821544,11.792017668029589,11.085240033227736,11.568824768066406,6081300,0.0,0
2002-07-12,11.345631803130242,11.494426832416702,10.408222054359545,10.490059852600098,8898500,0.0,0
2002-07-15,10.452862880842952,10.862049820354894,10.341266055788353,10.750452995300291,6102600,0.0,0
2002-07-16,10.787650376739634,11.3084333564732,10.787650376739634,11.12243938446045,4151900,0.0,0
2002-07-17,11.3084333564732,11.606024137400022,11.085240448155758,11.12243938446045,4234300,0.0,0
2002-07-18,10.9736465474313,11.196839500467664,10.289188536525566,10.341266632080078,9051100,0.0,0
2002-07-19,10.34126284591461,11.308431481963092,10.326383699565552,11.048040390014648,3939000,0.0,0
2002-07-22,11.048040390014648,11.375389414310304,10.67605250765066,11.048040390014648,2544200,0.0,0
2002-07-23,10.97364246567101,11.03316046974092,10.750449595653553,10.802528381347656,2072100,0.0,0
2002-07-24,10.34126227376452,11.38282871246338,10.19246727095341,11.38282871246338,2307200,0.0,0
2002-07-25,11.345631537505476,11.345631537505476,10.713251790955008,10.966203689575195,2426200,0.0,0
2002-07-26,10.9736416634466,11.196834517147618,10.787647736947504,11.062918663024902,1814100,0.0,0
2002-07-29,11.19683568015141,12.387196507680857,11.19683568015141,12.253280639648438,2377200,0.0,0
2002-07-30,12.275600834394996,13.019576642540146,11.94081115312118,12.66990852355957,2308700,0.0,0
2002-07-31,12.29792212852904,12.39463837108633,11.992892123281887,12.275602340698242,3322900,0.0,0
2002-08-01,12.275600748319157,12.424396476513332,12.089606797587049,12.268160820007324,2391200,0.0,0
2002-08-02,12.164005279541016,12.320239524961538,11.978011319361554,12.164005279541016,1684100,0.0,0
2002-08-05,12.164007097832377,12.164007097832377,11.33075340730319,11.367952346801758,1597800,0.0,0
2002-08-06,11.345630817735552,12.260720700502576,11.345630817735552,12.104486465454102,1430400,0.0,0
2002-08-07,12.201203197662636,12.32023921566744,11.829215286642304,12.26072120666504,849300,0.0,0
2002-08-08,12.290481898652924,12.543433811796294,12.089608070152943,12.41695785522461,1234100,0.0,0
2002-08-09,12.38719588260986,12.498791960665224,11.82921407331193,12.29047966003418,1484500,0.0,0
2002-08-12,12.21608289648266,12.349998769759308,12.201203039669425,12.230962753295898,627400,0.0,0
2002-08-13,12.052411239625956,12.424399223330196,11.955693569210789,11.99289321899414,2234900,0.0,0
2002-08-14,11.90361328125,12.23840297239367,11.754818257136504,12.089607238769531,1964500,0.0,0
2002-08-15,12.201201000217056,13.01957454087634,12.201201000217056,12.729424476623535,1033800,0.0,0
2002-08-16,12.543430154497722,13.503158023577768,12.543430154497722,13.324604034423828,1278600,0.0,0
2002-08-19,13.324606384431087,13.95698609443633,13.324606384431087,13.91978645324707,1085300,0.0,0
2002-08-20,13.919789165267948,14.061144991285342,13.54780119502748,13.91235065460205,1103900,0.0,0
2002-08-21,14.284338624842515,14.284338624842515,13.614759143192485,13.91235065460205,1163200,0.0,0
2002-08-22,13.912345505319536,14.13553763724662,13.62963395792286,13.7635498046875,1731800,0.0,0
2002-08-23,13.659395928981974,13.67427436629372,13.220450100308415,13.317166328430176,563800,0.0,0
2002-08-26,12.945180107779848,13.16837372456482,12.945180107779848,13.019577980041504,1577100,0.0,0
2002-08-27,12.982381697072684,12.982381697072684,-120.97049864556824,12.126808166503906,2558200,-0.0,0
2002-08-28,12.074725062404353,12.31279705525934,11.777135071335618,11.82921314239502,1688300,0.0,0
2002-08-29,11.866416993625148,12.23096577087269,11.829218051925096,12.126808166503906,1270100,0.0,0
2002-08-30,12.253281758880858,12.41695735432471,12.12680580741121,12.2384033203125,930700,0.0,0
2002-09-03,12.238403570029602,12.238403570029602,11.606023799778043,11.71761989593506,1984200,0.0,0
2002-09-04,118.2921633969826,12.052409957592277,1168.042130394628,119.78012084960938,1090800,0.0,0
2002-09-05,11.978010517853932,11.978010517853932,11.61346184106784,11.739937782287598,1965200,0.0,0
2002-09-06,11.814337023999316,12.044969858290187,11.762258939599404,11.903614044189451,666300,0.0,0
2002-09-09,11.829213855662664,12.27559957869205,11.725057707263543,12.082165718078612,501000,0.0,0
2002-09-10,12.208645340961422,12.35744109997141,11.903615312110317,12.007771492004396,348700,0.0,0
2002-09-11,12.052411702125402,12.350001816704214,11.881296854109488,12.126808166503906,1685700,0.0,0
2002-09-12,12.089609934314655,12.350001816704214,12.052411702125402,12.126808166503906,1003900,0.0,0
2002-09-13,11.903613862537204,11.970571804035682,11.34563196273077,11.71761989593506,2727700,0.0,0
2002-09-16,11.71761822402572,12.16400396398331,11.71761822402572,12.01520824432373,1610700,0.0,0
2002-09-17,12.171447110719686,12.350001170118755,11.829217432605322,12.007771492004396,1364800,0.0,0
2002-09-18,11.918491411766956,11.918491411766956,11.405147766055954,11.82177448272705,949700,0.0,0
2002-09-19,10.97364387515876,11.085239969745938,10.341264113802971,10.490059852600098,12088100,0.0,0
2002-09-20,10.490062736760269,10.973646892276587,10.281748928974318,10.884369850158691,3810900,0.0,0
2002-09-23,10.884365977664764,11.003401991470732,10.713251175685729,10.981082916259766,2898800,0.0,0
2002-09-24,10.90668362161145,10.936442621157722,10.20734677751878,10.266864776611328,3594000,0.0,0
2002-09-25,10.49006080899575,10.795090824220736,10.30406682805264,10.601656913757324,2280300,0.0,0
2002-09-26,10.824850878670029,1112.2440993127366,-1056.4458996386757,10.750452995300291,1663800,-0.0,0
2002-09-27,10.750451788530178,10.750451788530178,10.393343691267814,10.52725887298584,2160500,0.0,0
2002-09-30,10.415660828527953,10.71325085411023,9.887438000986467,10.623973846435549,-17186000,0.0,0
2002-10-01,10.564457388291256,11.085240364074709,10.266867319132338,11.085240364074709,3960800,0.0,0
2002-10-02,10.973644448456415,11.010843385099088,10.118072453228503,10.437981605529783,3505500,0.0,0
2002-10-03,10.41566297046062,10.42310290000781,9.597289167548706,9.634488105773926,3741000,0.0,0
2002-10-04,9.671684478879904,9.81303955523274,8.481323028444315,9.07650375366211,7461100,0.0,0
2002-10-07,8.481323647658057,9.37409515542046,8.406926495018254,9.19554042816162,3754700,0.0,0
2002-10-08,9.083946090475012,9.768403999580428,8.964910055762894,9.634488105773926,2809800,0.0,0
2002-10-09,9.411294526546568,9.649367288801365,9.076505524997488,9.269939422607422,3580400,0.0,0
2002-10-10,8.555721045627063,10.266865396654588,8.48132318751304,9.932076454162598,6457900,0.0,0
2002-10-11,10.26686682062782,11.085239825834345,10.19246895219511,10.661173820495604,3196700,0.0,0
2002-10-14,10.668613139581606,11.01084203769617,10.564456271630002,10.787649154663086,932400,0.0,0
2002-10-15,11.754821014156771,12.454158146270707,11.457230186621056,12.446718215942385,3996500,0.0,0
2002-10-16,11.940811946818922,11.94825187567745,11.159637863950897,11.888733863830566,2670600,0.0,0
2002-10-17,12.625269400553211,13.168372838191637,11.851535270568212,12.491354942321776,2844700,0.0,0
2002-10-18,12.126806164082764,12.7219877139835,12.126806164082764,12.610391616821287,1417300,0.0,0
2002-10-21,12.34999919041972,12.870781425430486,12.27560132284067,12.84846305847168,1739100,0.0,0
2002-10-22,12.461594148312692,12.922859750112089,12.283040133783588,12.640148162841797,1703100,0.0,0
2002-10-23,12.49879429323129,13.049337696554725,12.461596066611154,13.019577980041504,4157900,0.0,0
2002-10-24,13.049334108850722,13.13117046871971,12.602948417028712,12.788942337036133,1282100,0.0,0
2002-10-25,12.647588670869256,13.168372301395896,12.61039044826931,13.108854293823242,2112000,0.0,0
2002-10-28,13.10885587202633,13.287409916240792,12.833584166973992,12.982379913330078,1762500,0.0,0
2002-10-29,12.796386215965908,12.796386215965908,12.327680598147328,12.461596488952637,1652900,0.0,0
2002-10-30,12.46903417000511,12.528552175295443,11.844094404946008,12.35743808746338,2324000,0.0,0
2002-10-31,12.357438127116811,12.759184309360426,12.357438127116811,12.558310508728027,1578400,0.0,0
2002-11-01,12.409517465807465,12.69966759464138,12.23840336003471,12.57319164276123,1444800,0.0,0
2002-11-04,12.759185606171965,12.90798134450908,12.424397323445442,12.57319164276123,2124900,0.0,0
2002-11-05,11.933371771675624,12.595509738448303,11.866413130803643,12.20864200592041,1558600,0.0,0
2002-11-06,12.483915974321585,12.729427961836436,11.99289199929188,12.602952003479004,2280900,0.0,0
2002-11-07,12.833584008898054,13.086535923174855,12.744306278379788,13.019577980041504,3282200,0.0,0
2002-11-08,12.945180741660828,13.168374369374824,12.721988532968288,13.027018547058104,1707100,0.0,0
2002-11-11,12.759184554006229,12.974938214901131,12.573190605933188,12.900540351867676,1282200,0.0,0
2002-11-12,12.92286173941632,13.220451809441563,12.766626065764704,13.019577980041504,1233900,0.0,0
2002-11-13,1283.3580837044428,13.3915626125681,1283.3580837044428,13.354364395141602,1352900,0.0,0
2002-11-14,13.391564218621504,14.284335734138086,13.391564218621504,14.135540008544922,5449400,0.0,0
2002-11-15,13.68915435395853,14.02394402955578,13.65939606002834,13.91978645324707,2957000,0.0,0
2002-11-18,13.919786392540322,14.35873222351074,13.904907955150724,14.358732223510742,3750800,0.0,0
2002-11-19,14.209938959593362,14.269456970584509,13.763553167649128,13.94210720062256,2324700,0.0,0
2002-11-20,13.31716412181236,13.7635498046875,12.945176289253238,13.7635498046875,5268900,0.0,0
2002-11-21,13.689152947354591,13.971864515258584,13.584996800769474,13.897466659545898,2815700,0.0,0
2002-11-22,13.785869585488596,14.023941571283078,13.584995815341635,13.7635498046875,2400700,0.0,0
2002-11-25,13.823069331909798,13.837949187424998,13.14605151520058,13.525479316711426,2516100,0.0,0
2002-11-26,13.488281531318108,13.503161388877915,12.974939216696614,13.168373107910156,2049200,0.0,0
2002-11-27,13.391565547315384,13.949547445120192,13.31716767713714,13.934667587280272,2088100,0.0,0
2002-11-29,14.470330848061108,14.619125166627262,13.689155354258844,14.321535110473633,1406700,0.0,0
2002-12-02,14.857199040782437,15.22918701152931,14.730723073967638,14.89439868927002,4574900,0.0,0
2002-12-03,14.552168363946532,14.849758443358455,14.321536229779976,14.485210418701172,1337300,0.0,0
2002-12-04,14.321533462088132,14.321533462088132,13.279967675922318,13.495719909667969,2797200,0.0,0
2002-12-05,13.67427312162011,13.986742981064063,13.131171186093098,13.480840682983398,1451200,0.0,0
2002-12-06,13.391564645800845,13.465962510970652,13.019576738973042,13.160932540893556,1584100,0.0,0
2002-12-09,13.093974631407264,13.503160762161356,13.01957676608254,13.294848442077637,1524900,0.0,0
2002-12-10,13.29484908658014,13.540361060738682,13.227891146444057,13.391565322875977,2411000,0.0,0
2002-12-11,13.391564191073716,13.488280419195474,13.205570243975467,13.317166328430176,892800,0.0,0
2002-12-12,13.30228676619599,13.346926336181768,13.019576584725575,13.19813060760498,906600,0.0,0
2002-12-13,13.168372301395896,13.168372301395896,12.647588670869256,13.108854293823242,2314500,0.0,0
2002-12-16,13.108858559679565,13.384128902148,13.09397869818892,13.242773056030272,940200,0.0,0
2002-12-17,12.930298608882843,13.540359948804662,12.907980243351147,13.451082229614258,2332700,0.0,0
2002-12-18,13.33948660423766,13.451082692802576,13.131172864967567,13.384124755859377,1093300,0.0,0
2002-12-19,13.384123719507947,13.42876186767327,13.049335479736328,13.049335479736328,750200,0.0,0
2002-12-20,13.049337343074326,13.05677585297975,12.074727938987465,12.759185791015623,3825000,0.0,0
2002-12-23,12.833581122306065,13.205568980923632,12.721985048525008,12.796382904052734,1496300,0.0,0
2002-12-24,12.53599577243878,13.093977767481858,12.469037819511884,12.997260093688965,463800,0.0,0
2002-12-26,13.019578943726168,13.369247124509934,13.019578943726168,13.287410736083984,651200,0.0,0
2002-12-27,13.205570692386942,13.465962510970652,13.064214890466427,13.160932540893556,992400,0.0,0
2002-12-30,13.168373114332148,13.45108331299977,13.056775601600483,13.257649421691896,1152400,0.0,0
2002-12-31,13.332046675797166,13.44364276436208,13.093974641786346,13.384124755859377,611000,0.0,0
2003-01-02,13.391564620272623,13.897468399637436,13.27996853224127,13.84539031982422,684200,0.0,0
2003-01-03,13.704036720579218,14.217380510849567,13.704036720579218,13.949548721313477,1238800,0.0,0
2003-01-06,-140.01626194068584,14.43313215878727,14.001626194068583,14.20993995666504,18674000,-0.0,0
2003-01-07,14.321535376990065,14.790239546776707,13.763553479185257,13.934667587280272,3048800,0.0,0
2003-01-08,13.837950706481935,14.11322096862522,13.763552839760056,13.837950706481934,1168100,0.0,0
2003-01-09,13.83795084038767,13.83795084038767,13.540360789641747,13.666836738586426,2201900,0.0,0
2003-01-10,13.47340350897846,13.7263554192237,12.424397641970227,12.588071823120115,5538200,0.0,0
2003-01-13,12.632710945710237,13.05677699859477,12.632710945710237,12.945180892944336,2112500,0.0,0
2003-01-14,12.982377431985643,13.019575651954202,12.573189917225832,12.647587776184082,2193900,0.0,0
2003-01-15,12.655028068164489,12.655028068164489,12.0524080894008,12.201202392578123,1635000,0.0,0
2003-01-16,12.253282008901548,12.31280002145338,11.546505787226211,11.71761989593506,4729200,0.0,0
2003-01-17,11.546507797830628,12.201206049904007,11.494428995646237,12.126808166503906,2874000,0.0,0
2003-01-21,11.82921470216044,11.903612564492756,11.427467806489233,11.702738761901855,3013100,0.0,0
2003-01-22,11.382829491442635,11.78457638128129,11.278672627591655,11.650660514831545,3079500,0.0,0
2003-01-23,11.97801076754294,12.632708852843786,11.911052831441337,12.535992622375488,4868700,0.0,0
2003-01-24,12.424395704581215,12.528551856433143,12.297919769180526,12.364877700805664,2217200,0.0,0
2003-01-27,12.178884488585291,12.327678797395109,11.911052746097903,12.134244918823242,2159900,0.0,0
2003-01-28,12.134244146738716,12.34255786864323,12.089605998838156,12.20864200592041,1933000,0.0,0
2003-01-29,12.21608479947137,12.27560281697463,12.037530746961588,12.11936855316162,1972600,0.0,0
2003-01-30,12.089604526585497,12.34999629250076,11.992888314742036,12.052406311035156,2240000,0.0,0
2003-01-31,11.94081246254507,12.350000053308966,11.866415299278568,12.312800407409668,4342900,0.0,0
2003-02-03,12.335121956219874,12.491357653262249,12.052411702125402,12.126808166503906,2266000,0.0,0
2003-02-04,11.948251604602616,12.349999239720477,11.896173522795776,12.164005279541016,1293100,0.0,0
2003-02-05,12.171444728122276,12.312799110587536,12.089606934784626,12.186323165893556,1223900,0.0,0
2003-02-06,12.037526388674154,12.156562380582695,11.866411618172767,11.896170616149902,1346500,0.0,0
2003-02-07,11.94081210872417,11.94081210872417,11.114999151018464,11.241475105285645,2300900,0.0,0
2003-02-10,11.174515708527824,11.420027640543791,11.159635853491444,11.38282871246338,1882300,0.0,0
2003-02-11,-113.97711593626144,11.844097457874431,11.397711593626145,11.457229614257812,133640000,-0.0,0
2003-02-12,11.19683796935258,11.271235137184012,10.85460901069792,10.899247169494627,1599300,0.0,0
2003-02-13,10.891808346023067,11.159639437089336,10.772771596038403,10.929006576538086,1341400,0.0,0
2003-02-14,11.010842000846264,11.397709048566348,10.981082997175488,11.36051082611084,736100,0.0,0
2003-02-18,11.531626105308533,11.978011915769912,11.531626105308533,11.903614044189451,1577800,0.0,0
2003-02-19,11.903614044189451,12.126806239909456,11.754819010539222,11.903614044189451,589000,0.0,0
2003-02-20,11.911050843643816,11.940809133044242,11.568822001412917,11.6060209274292,826700,0.0,0
2003-02-21,11.583704792281727,11.64322280883789,11.41259067206044,11.64322280883789,1048200,0.0,0
2003-02-24,11.53162766241413,11.561386673162508,11.271235786232722,11.286115646362305,1134500,0.0,0
2003-02-25,11.159638755637552,11.777138710021973,11.048042651885464,11.777138710021973,1264300,0.0,0
2003-02-26,11.680418069951264,11.821773846911038,11.442346078663856,11.6060209274292,992300,0.0,0
2003-02-27,11.606023233023008,11.620902380679036,11.107559370109811,11.159637451171877,1365900,0.0,0
2003-02-28,11.211716200201677,11.494427117615894,11.085240244792404,11.412590026855469,3224800,0.0,0
2003-03-03,11.606022454819836,11.75481746895638,11.539064521080745,11.687859535217283,1497700,0.0,0
2003-03-04,11.56882429565667,11.710179391138444,11.472107352638346,11.613462448120115,846300,0.0,0
2003-03-05,11.68042223118781,11.754820109725168,11.568826122892526,11.732501029968262,1235300,0.0,0
2003-03-06,11.75481807697541,11.96313110754158,11.747378148506105,11.925932884216309,2125500,0.0,0
2003-03-07,11.7548189163208,11.7548189163208,11.598583954862656,11.7548189163208,1868800,0.0,0
2003-03-10,11.568825381395175,11.680421482537772,11.308433532714844,11.308433532714844,664200,0.0,0
2003-03-11,11.28611294622441,11.28611294622441,10.527257289426434,10.542137145996094,3057100,0.0,0
2003-03-12,10.564458041415358,10.64629584762652,10.259428024291992,10.259428024291992,5790500,0.0,0
2003-03-13,10.259429372343863,10.400784505129192,10.006477409928277,10.289188385009766,5376700,0.0,0
2003-03-14,10.363583032988725,11.122437973595558,10.333824029621995,10.847167015075684,2991500,0.0,0
2003-03-17,10.787649334519042,11.382830129360148,10.64629424163071,11.315872192382812,1206800,0.0,0
2003-03-18,11.420029982208272,11.710180119807267,11.390270975544,11.65810203552246,2095600,0.0,0
2003-03-19,11.635784385663593,11.866416538233612,11.4200313834961,11.457229614257812,2960200,0.0,0
2003-03-20,11.457227312518247,11.672980271341295,11.26379413908114,11.449788093566896,1962300,0.0,0
2003-03-21,11.829215925031669,12.030089748388344,11.710179900602826,11.814336776733398,1628700,0.0,0
2003-03-24,11.568822077587503,11.82921314239502,11.509304079373758,11.82921314239502,1395500,0.0,0
2003-03-25,11.606023799778043,11.896173933590555,11.606023799778043,11.71761989593506,1050500,0.0,0
2003-03-26,11.754817297722193,11.88873245373902,11.576263283359363,11.635781288146973,889200,0.0,0
2003-03-27,11.576260293170655,11.866410314185837,11.531621446355029,11.67297649383545,380800,0.0,0
2003-03-28,11.672981184099257,11.896174088836649,11.65066210647872,11.65810203552246,690400,0.0,0
2003-03-31,11.45722787840749,11.732499569011834,11.263794695416436,11.531625747680664,571500,0.0,0
2003-04-01,11.606023889599864,11.643222115599636,11.107559998487533,11.144758224487305,1173600,0.0,0
2003-04-02,11.34563064794794,11.792016399868162,11.34563064794794,11.687859535217283,2394000,0.0,0
2003-04-03,11.680418069951264,11.918490770749171,1142.746622445314,11.6060209274292,1799400,-0.0,0
2003-04-04,11.71761887016015,11.71761887016015,11.234034883132388,11.36051082611084,2049100,0.0,0
2003-04-07,12.015208897526415,12.08960676140082,11.323311885341155,11.338191032409668,3008800,0.0,0
2003-04-08,11.382828861481435,11.382828861481435,11.040599995780328,11.09267807006836,5115700,0.0,0
2003-04-09,11.107559017341751,11.196836028974475,10.564456309687738,10.579336166381836,4060500,0.0,0
2003-04-10,10.542137967845363,10.891806819875304,10.192469115815424,10.73557186126709,4826300,0.0,0
2003-04-11,10.936444521011657,10.936444521011657,10.371022721898186,10.46030044555664,4637800,0.0,0
2003-04-14,10.46030121884098,11.19683717214232,10.006475476485264,11.085240364074709,6074800,0.0,0
2003-04-15,10.973643933996671,10.973643933996671,10.713252099216213,10.95876407623291,4080200,0.0,0
2003-04-16,11.03316191343497,11.04060184229487,10.60165597271008,10.713252067565918,1981700,0.0,0
2003-04-17,10.787650286141089,11.196837163034784,10.787650286141089,10.973644256591797,1959200,0.0,0
2003-04-21,11.025721574714408,11.219155460817277,10.973643493652345,11.159637451171877,932900,0.0,0
2003-04-22,11.100118424149729,11.85897333233135,11.092678496248295,11.80689525604248,2571600,0.0,0
2003-04-23,11.695302708924082,11.940814018249512,11.553946874133052,11.940814018249512,2611300,0.0,0
2003-04-24,11.792018005645025,11.896174174968763,11.680421197712988,11.695301055908203,1433900,0.0,0
2003-04-25,11.620901432194778,11.769696444163802,11.524184497037266,11.635781288146973,1874700,0.0,0
2003-04-28,11.561385330031095,11.747379302978516,11.353072278992984,11.747379302978516,1162400,0.0,0
2003-04-29,11.509307244649245,11.792018168670603,11.44234930086646,11.747379302978516,1778000,0.0,0
2003-04-30,11.561384499522228,11.9854512098469,11.531625494368797,11.918493270874023,1607400,0.0,0
2003-05-01,11.92593195769766,12.42439577424575,11.911052101915056,12.037528038024902,2965000,0.0,0
2003-05-02,12.082168141057975,12.424397784319575,12.030090056414585,12.41695785522461,1533700,0.0,0
2003-05-05,12.327679641386304,12.491355237010437,12.245841843574237,12.34999942779541,1972000,0.0,0
2003-05-06,12.01521050394441,12.461596327850812,12.01521050394441,12.409518241882324,2495500,0.0,0
2003-05-07,12.312798233275496,12.58806988823858,12.275600012965874,12.476473808288574,806100,0.0,0
2003-05-08,12.164005451385414,12.535993376999516,12.164005451385414,12.2384033203125,1112500,0.0,0
2003-05-09,12.201202941867464,12.58807070178313,12.119366568093133,12.535992622375488,1961900,0.0,0
2003-05-12,12.446714880875785,12.483914522549856,12.23840256358593,12.424396514892578,1924900,0.0,0
2003-05-13,12.387196873218508,12.483914522549856,12.312799008891602,12.424396514892578,762900,0.0,0
2003-05-14,12.424395927418733,12.662467946790873,12.424395927418733,12.640148162841797,1090900,0.0,0
2003-05-15,12.64758924171463,12.84846305847168,12.588071231455649,12.84846305847168,1207100,0.0,0
2003-05-16,12.736869320871248,13.00469970703125,12.647591579470207,13.00469970703125,1460100,0.0,0
2003-05-19,12.818702676317733,12.93029876236447,12.550872353609808,12.707106590270996,1265500,0.0,0
2003-05-20,12.677350026370243,12.751746481207336,12.28304228823514,12.521114349365234,1520900,0.0,0
2003-05-21,12.349998261921153,12.394636411504075,12.08960645448192,12.141684532165527,1150400,0.0,0
2003-05-22,12.20120215332549,12.49135366402088,12.20120215332549,12.476473808288574,877100,0.0,0
2003-05-23,12.424398749658035,12.982380703941695,12.424398749658035,12.90798282623291,1568600,0.0,0
2003-05-27,12.573190824525156,12.721986553178969,12.402076729888137,12.424396514892578,1688800,0.0,0
2003-05-28,12.089608208099468,12.402078138546589,12.089608208099468,12.312800407409668,1797700,0.0,0
2003-05-29,12.416957394626452,12.610391286856174,12.416957394626452,12.57319164276123,1305800,0.0,0
2003-05-30,12.64759127566565,13.049338973787714,12.62527148609614,13.034459114074709,4290600,0.0,0
2003-06-02,13.03445719931564,13.265089314901354,12.99725755549774,13.012137413024902,1587500,0.0,0
2003-06-03,12.729429867000322,13.012140123805978,12.692230215432726,12.803826332092283,1331700,0.0,0
2003-06-04,12.759184741349298,13.837950223620918,12.751744813034591,13.793312072753906,2099500,0.0,0
2003-06-05,13.391562117431883,1400.1621942404868,13.354363901380744,-1372.6351737976074,270620000,0.0,0
2003-06-06,13.726354405183312,13.800750851741778,13.33204671092565,13.540360450744627,2155400,0.0,0
2003-06-09,13.354366084928165,13.413884091754255,13.07909441646923,13.123732566833496,916300,0.0,0
2003-06-10,13.079093906694224,13.16093169502332,12.8335819607281,12.96749782562256,1516900,0.0,0
2003-06-11,13.131171125395904,13.279966836451358,12.595509119834192,12.796382904052734,4216900,0.0,0
2003-06-12,12.796384417505871,12.870780862811545,12.349998650565672,12.424396514892578,2847700,0.0,0
2003-06-13,12.535994675684446,12.535994675684446,12.089608834899256,12.11936855316162,2055300,0.0,0
2003-06-16,12.387195907107682,13.01213564827898,12.290479684340728,12.952617645263672,3327500,0.0,0
2003-06-17,13.01213504030942,13.05677318572998,12.833581039606123,13.05677318572998,3125300,0.0,0
2003-06-18,12.945181685771075,13.093977448432293,12.89310359454612,13.00469970703125,2748500,0.0,0
2003-06-19,13.205570398206302,13.391564347476812,12.982378226690177,13.27996826171875,2672400,0.0,0
2003-06-20,13.3915646736849,13.46596253900962,13.093974631407264,13.294848442077637,2020000,0.0,0
2003-06-23,13.220452783721816,13.428765138580356,13.20557292436864,13.376687049865724,2595700,0.0,0
2003-06-24,13.093973958934452,13.24276826292095,12.826142225129102,13.13117218017578,1221500,0.0,0
2003-06-25,12.907978685749812,13.093972610849892,12.863340541051684,12.893098831176758,1453000,0.0,0
2003-06-26,12.774065423081993,13.391565322875977,12.774065423081993,13.391565322875977,1378200,0.0,0
2003-06-27,13.391566913546916,13.540362669083812,13.272530876725996,13.287410736083984,1249700,0.0,0
2003-06-30,13.242768187722673,13.525479776027664,13.205569966692568,13.458521842956545,912300,0.0,0
2003-07-01,13.37668482741888,13.45852262124307,13.131172864967567,13.384124755859377,841600,0.0,0
2003-07-02,13.302283119824589,13.451078807614063,13.242765128512966,13.2725248336792,666100,0.0,0
2003-07-03,13.272527438787272,135.40359161769524,13.242767727779857,13.503159523010254,9345000,0.0,0
2003-07-07,13.391565007598151,13.54036074195776,13.369245221737826,13.399004936218262,1367400,0.0,0
2003-07-08,13.391564718436378,14.44801043631832,13.391564718436378,14.42569065093994,3075400,0.0,0
2003-07-09,14.2471404008872,14.4331344046038,14.001628372742154,14.291778564453123,2679600,0.0,0
2003-07-10,14.20993995666504,14.224819815212232,14.098343855603924,14.20993995666504,2461700,0.0,0
2003-07-11,14.209939938280344,14.209939938280344,13.986746317425462,14.053704261779783,2697000,0.0,0
2003-07-14,14.247139945476183,14.537291546934073,14.016507785565835,14.023947715759276,2185900,0.0,0
2003-07-15,14.760478957358371,15.474694994478394,14.514967017220725,15.288701057434082,7611000,0.0,0
2003-07-16,15.139907836914062,15.25150392328016,14.656323849980158,15.139907836914062,3736100,0.0,0
2003-07-17,14.991107834803516,14.998547760976145,14.656319671160254,14.767915725708008,2374800,0.0,0
2003-07-18,14.842313234333911,15.400294913534122,14.819993456318418,15.3630952835083,1506900,0.0,0
2003-07-21,14.507525869341585,14.879513712145211,14.35129165649414,14.35129165649414,2703200,0.0,0
2003-07-22,14.351292268243888,14.872074418955648,14.351292268243888,14.775358200073242,1555700,0.0,0
2003-07-23,14.78280337412555,14.879519627333728,14.656327400532351,14.842321395874023,1414200,0.0,0
2003-07-24,14.879517374159416,14.94647531586484,14.693523406982422,14.693523406982422,1996600,0.0,0
2003-07-25,14.693520900931144,14.879514836385969,14.693520900931144,14.81999683380127,1800100,0.0,0
2003-07-28,14.916712235776822,15.050628088985244,14.619122239214242,14.760478019714355,1962800,0.0,0
2003-07-29,14.812556091735178,14.872074091047695,14.648881948381018,14.760478019714355,1666100,0.0,0
2003-07-30,14.760481348687849,14.767921277657493,14.5819273104805,14.693523406982422,691300,0.0,0
2003-07-31,14.715846078663608,14.767924172638706,14.425694468054065,14.44801425933838,1996200,0.0,0
2003-08-01,14.819999567023526,15.16966771931958,14.567047654631873,15.125029563903809,3171000,0.0,0
2003-08-04,14.767921149109538,15.199427092443246,14.730721504585132,14.97623348236084,2110900,0.0,0
2003-08-05,14.805120286202024,15.02831391002704,14.485210418701174,14.485210418701172,1548300,0.0,0
2003-08-06,14.4926503434478,14.552168359311226,14.135542248267244,14.284337997436523,2333300,0.0,0
2003-08-07,14.209934033948418,14.88695170642839,14.209934033948418,14.767915725708008,2080700,0.0,0
2003-08-08,14.552169018291718,15.236626941226827,14.552169018291718,14.89439868927002,2350200,0.0,0
2003-08-11,14.879516219055027,14.90183600423126,14.395932225739989,14.529848098754885,1759300,0.0,0
2003-08-12,14.619127597526465,14.760483429837375,14.581929366454856,14.656327247619627,2542600,0.0,0
2003-08-13,14.730722254135792,14.805120127948886,14.544728279113768,14.54472827911377,1471000,0.0,0
2003-08-14,14.54472496977864,15.39285826783939,13.949544952736966,15.162224769592283,6790100,0.0,0
2003-08-15,14.91671815069384,15.534218170550986,14.91671815069384,15.325905799865724,1460700,0.0,0
2003-08-18,15.28870359898697,15.311023385990277,15.028313179055232,15.206867218017578,941800,0.0,0
2003-08-19,15.288708748671676,15.809492601993126,15.251510510158075,15.742534637451172,1580700,0.0,0
2003-08-20,15.749972352498954,15.749972352498954,15.400304135004896,15.616056442260742,1142000,0.0,0
2003-08-21,15.430055606682687,15.846681594848633,15.363097681206964,15.846681594848633,2230400,0.0,0
2003-08-22,16.2186782012465,16.367473986918103,15.660696133510656,16.025245666503906,2219200,0.0,0
2003-08-25,15.697893618102537,15.83180952287934,15.422621878392263,15.60861587524414,881100,0.0,0
2003-08-26,15.608616511800658,15.63837623364099,15.288706597125293,15.616056442260742,718200,0.0,0
2003-08-27,15.623492073704396,15.645811858943052,15.482136271902071,15.57141399383545,934000,0.0,0
2003-08-28,15.616049741931004,15.630929596466718,15.348218036372293,15.526773452758787,1179600,0.0,0
2003-08-29,15.377986507734894,15.802052670486038,15.296148680178764,-157.42534637451172,-8121000,0.0,0
2003-09-02,15.749969266948709,16.66505924894055,15.749969266948709,16.62786102294922,3191300,0.0,0
2003-09-03,16.739461022870096,17.55783495668142,16.70226278820573,17.416479110717773,4507900,0.0,0
2003-09-04,17.111447172863237,17.795905116538627,17.111447172863237,17.684309005737305,3572900,0.0,0
2003-09-05,17.743824086825967,17.743824086825967,17.111444338343784,17.28255844116211,3163600,0.0,0
2003-09-08,17.28255792411974,17.28255792411974,16.999847737443883,17.081684112548828,1717700,0.0,0
2003-09-09,16.962647311148007,17.200720754055727,16.843611299204746,17.066804885864258,2250700,0.0,0
2003-09-10,16.92545221804857,16.999850094020108,16.523704539215142,16.568344116210938,1809800,0.0,0
2003-09-11,16.590660056462102,16.910569882983097,16.367467880249023,16.367467880249023,2068000,0.0,0
2003-09-12,16.66505831785103,16.761775970458984,16.18147431187511,16.761775970458984,4702400,0.0,0
2003-09-15,16.791537902436406,17.200725549206645,16.53858595178472,17.156085968017578,3125400,0.0,0
2003-09-16,16.9998454646854,17.446231179935072,16.88824939062825,17.39415168762207,2620400,0.0,0
2003-09-17,16.739454451038487,17.334634486133623,15.623490820969256,16.813852310180664,6617000,0.0,0
2003-09-18,16.739458092119254,16.962650299072266,16.739458092119254,16.962650299072266,2963700,0.0,0
2003-09-19,17.074244390258574,17.074244390258574,16.635298574978123,16.672496795654297,3040900,0.0,0
2003-09-22,16.55346619516207,16.55346619516207,16.03268242141349,16.055002212524414,3195500,0.0,0
2003-09-23,16.055003502018284,16.159159697524892,15.77229322034818,15.913647651672363,4810800,0.0,0
2003-09-24,15.921081379177462,16.627858936497738,15.809485296185096,16.5534610748291,25320600,0.0,0
2003-09-25,16.590658732754136,16.91800846156703,16.47906265355144,16.813852310180664,7354500,0.0,0
2003-09-26,16.612984359741677,16.709700617331197,16.233556421773624,16.37491226196289,4033000,0.0,0
2003-09-29,16.367463439453637,16.538577489392008,15.846679944226311,16.382343292236328,4437600,0.0,0
2003-09-30,16.650176841015394,16.739454556351905,16.15171302635429,16.620418548583984,3045600,0.0,0
2003-10-01,16.724578378631858,16.791536325104094,16.37491020629352,16.568344116210938,5181600,0.0,0
2003-10-02,16.657615581332763,16.880809144251682,16.516261219073932,16.873369216918945,3164100,0.0,0
2003-10-03,-169.25453192816545,1703.7049303690146,16.642742950668644,16.702260971069336,3496100,0.0,0
2003-10-06,16.81385209545499,17.409032122949228,16.702256017677463,17.17840003967285,2770200,0.0,0
2003-10-07,16.94777172537749,17.282560033162977,16.873373850640235,17.20072364807129,2978300,0.0,0
2003-10-08,17.371838889762667,17.825663258859493,17.178404970548645,17.632230758666992,3567900,0.0,0
2003-10-09,16.92545711910521,17.18584905089582,16.45675277709961,16.45675277709961,10721100,0.0,0
2003-10-10,16.5534606268944,16.821292354045525,16.501382550841935,16.642738342285156,4457800,0.0,0
2003-10-13,16.65018050266032,16.97009037602291,16.44930808226506,16.568344116210938,1575800,0.0,0
2003-10-14,16.94777233281508,16.95521226245761,16.6353023829363,16.895692825317383,2383200,0.0,0
2003-10-15,16.694817514211714,16.992407553346606,16.471623920594613,16.560901641845703,3197700,0.0,0
2003-10-16,16.479067485773513,16.642743107685774,16.211237100954307,16.486507415771484,2657800,0.0,0
2003-10-17,16.51626729925869,16.679941503769623,16.293073654174805,16.293073654174805,2994900,0.0,0
2003-10-20,16.293070015170915,16.516263610405243,16.218672150092807,16.367467880249023,2607100,0.0,0
2003-10-21,16.813855155331755,16.85105338168676,16.568343171933137,16.67993927001953,2428000,0.0,0
2003-10-22,16.672498441599213,17.037046432495117,16.531142634836705,17.037046432495117,3630500,0.0,0
2003-10-23,16.999845143533353,17.706621211890646,16.79897136261264,16.873369216918945,2573500,0.0,0
2003-10-24,16.87337043009799,16.940328361885772,16.33770697579574,16.642738342285156,2502900,0.0,0
2003-10-27,16.635301108122583,16.79897529065091,16.5088251519348,16.65761947631836,1577100,0.0,0
2003-10-28,17.014729365072835,17.423915540244632,16.96264986037735,17.319759368896484,4893300,0.0,0
2003-10-29,17.312319459129352,17.743825422513197,17.19328342916287,17.565271377563477,1994900,0.0,0
2003-10-30,17.609910969096383,17.85542297828697,17.572712738833562,17.632230758666992,2173000,0.0,0
2003-10-31,17.65454477022783,17.76614085248423,17.33463496047728,17.409032821655273,2406200,0.0,0
2003-11-03,175.3551215715495,17.989337921142578,17.535512157154947,-1798.9337921142578,2706200,0.0,0
2003-11-04,17.855423601440933,18.212531732904573,17.781025719297283,18.108375549316406,3097000,0.0,0
2003-11-05,17.74382873136849,18.257172593215287,17.48343683512611,18.078617095947266,2657500,0.0,0
2003-11-06,18.041411431756742,18.26460358289169,17.974453502612047,18.15300750732422,1553900,0.0,0
2003-11-07,18.227406750445848,18.748190368067064,18.197647037886373,18.636592864990234,2744100,0.0,0
2003-11-10,18.339001156259567,18.487796867397925,18.10836908111408,18.27204322814941,2218300,0.0,0
2003-11-11,18.331566329921237,18.368765977567897,177.5126601684796,-1826.460838317871,1983100,0.0,0
2003-11-12,18.264610884435136,18.807714462280277,18.19021441699648,18.807714462280277,1864500,0.0,0
2003-11-13,18.621713560413543,18.87466542930289,18.324122124764106,18.3538818359375,2747300,0.0,0
2003-11-14,18.53987635874168,18.666352297177355,18.04885246105521,18.11581039428711,1771000,0.0,0
2003-11-17,18.041411431756742,18.15300750732422,17.751261351477098,18.15300750732422,1780800,0.0,0
2003-11-18,18.153016454444558,18.2274143478319,17.89262453709974,17.944704055786133,896100,0.0,0
2003-11-19,17.70662233393127,17.952134275385053,17.699183825148214,17.892616271972656,1465800,0.0,0
2003-11-20,17.892610940823385,18.21252064598003,17.788454820640556,18.019086837768555,1190900,0.0,0
2003-11-21,18.026534870622424,18.1158125988029,17.810782607636746,17.974456787109375,923000,0.0,0
2003-11-24,17.8554196013442,18.562197194839243,17.8554196013442,18.4952392578125,1713300,0.0,0
2003-11-25,18.37620060653518,18.495236606625976,18.19764518737793,18.19764518737793,1583700,0.0,0
2003-11-26,18.011659263668314,18.599401016933832,17.862864906945855,18.398527145385746,1564000,0.0,0
2003-11-28,18.47292533656851,18.59196139150963,18.3092511157799,18.52500343322754,567700,0.0,0
2003-12-01,18.58451844531336,19.11274209505296,18.532440357104136,18.85235023498535,2603300,0.0,0
2003-12-02,18.69611331000605,19.343372952398006,18.368764943276247,19.08298110961914,2320200,0.0,0
2003-12-03,19.3061728448022,19.57400317157449,19.090419178686023,19.3284912109375,3260500,0.0,0
2003-12-04,18.822588482288232,19.19457640817552,18.822588482288232,19.0457820892334,2236300,0.0,0
2003-12-05,18.859789526674223,18.89698775441648,18.68123547927282,18.84490966796875,2905300,0.0,0
2003-12-08,18.614274499591826,18.859786452122695,18.50267841553619,18.636592864990234,2052400,0.0,0
2003-12-09,18.63659447801557,19.00114389331544,18.614276110685477,18.777950286865234,1254100,0.0,0
2003-12-10,18.7109934448666,18.74075316174824,18.36876521485617,18.69611358642578,1884800,0.0,0
2003-12-11,18.48780092943644,18.785390998076945,17.892619373134043,18.614276885986328,1729600,0.0,0
2003-12-12,18.450596868735065,18.65891057644458,18.450596868735065,18.60683250427246,1081600,0.0,0
2003-12-15,18.822594216746044,18.822594216746044,18.51012420704332,18.53244400024414,1316600,0.0,0
2003-12-16,18.52499508567198,18.52499508567198,17.922375151701665,18.27204322814941,1955700,0.0,0
2003-12-17,18.153014504894998,18.24973218161805,17.959580570470518,18.19021415710449,2228200,0.0,0
2003-12-18,18.26461075504204,18.621720323717323,18.219972591090745,18.4878044128418,2173000,0.0,0
2003-12-19,18.59939629436439,19.0457820892334,18.53987828298328,19.0457820892334,3237300,0.0,0
2003-12-22,18.859793643130644,19.001149493643,18.725877723594905,18.94906997680664,2222900,0.0,0
2003-12-23,19.082980510368756,19.440088582326165,18.956504557506168,19.343372344970703,2159100,0.0,0
2003-12-24,19.34337237639052,19.603764211415427,19.12018018580993,19.58888435363769,798800,0.0,0
2003-12-26,19.38056802898907,19.51448389316825,19.29129173221705,19.35824966430664,490100,0.0,0
2003-12-29,19.268977005407383,19.57400703430176,19.23921870501408,19.57400703430176,1163500,0.0,0
2003-12-30,19.67817088555334,19.752567369685263,19.4772969727444,19.507055282592773,880100,0.0,0
2003-12-31,19.603759753514897,19.603759753514897,19.343367977703156,19.581439971923828,1471500,0.0,0
2004-01-02,19.45496955514176,20.050151128204966,19.097861462716683,19.283855438232425,1560900,0.0,0
2004-01-05,19.350812335933146,19.92367409009115,19.350812335933146,19.834396362304688,1971300,0.0,0
2004-01-06,19.64840364488881,19.75255981807107,19.417771510404613,19.6037654876709,2054400,0.0,0
2004-01-07,19.64095928366392,19.707917213892888,19.045779258318788,19.15737533569336,2678700,0.0,0
2004-01-08,19.328496849524743,19.343376710636583,18.30181055617587,18.517562866210938,5382400,0.0,0
2004-01-09,18.562194878490992,18.83746510167592,18.376200947520225,18.7630672454834,3836400,0.0,0
2004-01-12,19.268974942158756,19.30617458744409,18.93418664871893,19.27641487121582,5133000,0.0,0
2004-01-13,16.925451749550476,17.11144572482026,16.255873722383534,16.85849380493164,25370200,0.0,0
2004-01-14,16.999848456763182,17.69174622432527,16.93289051673967,17.624788284301758,8349600,0.0,0
2004-01-15,1763.2228681328868,17.83310108771249,-174.53673223843538,17.557830810546875,657210000,0.0,0
2004-01-16,17.69174586825034,17.781022173803983,17.409034256280798,17.453672409057617,4908700,0.0,0
2004-01-20,17.855418004905367,17.855418004905367,17.37183405107674,17.691743850708008,3488700,0.0,0
2004-01-21,17.840542164680063,18.13069373749812,17.141205823784574,17.967018127441406,3053300,0.0,0
2004-01-22,17.88517823436516,18.93418395903237,17.877738306364968,18.51011657714844,4911900,0.0,0
2004-01-23,18.510115450851803,18.591953234853115,17.870297290999563,17.9298152923584,3077100,0.0,0
2004-01-26,17.855418025952154,18.41339983926316,17.855418025952154,18.3538818359375,2550800,0.0,0
2004-01-27,18.398525081848977,18.398525081848977,17.416477045342617,17.855422973632812,3311900,0.0,0
2004-01-28,18.33900458996915,18.346444518821198,17.513192353691142,17.67686653137207,2770000,0.0,0
2004-01-29,18.04141500932683,18.048854938376127,17.431355017498166,17.609909057617188,3393000,0.0,0
2004-01-30,17.70662529721531,18.01165529312964,17.595029199518592,17.609909057617188,1857400,0.0,0
2004-02-02,17.557831743984384,17.78102394917471,17.09656605583056,17.20072364807129,4522600,0.0,0
2004-02-03,17.118884899043056,17.394155175648873,16.851053132381093,17.28999900817871,3210500,0.0,0
2004-02-04,17.111442327728234,17.126322183360895,16.776652671099008,16.813852310180664,3330800,0.0,0
2004-02-05,16.999844486104475,17.18583840516684,16.821290494087123,16.843608856201172,3008500,0.0,0
2004-02-06,16.85105041632974,17.215598362738845,168.1385219652068,-1698.4966278076172,3382700,0.0,0
2004-02-09,17.096561548919084,17.141201113406634,16.888249257394758,16.94776725769043,2299800,0.0,0
2004-02-10,16.962650299072266,17.14120576746041,16.87337398389964,16.962650299072266,1895700,0.0,0
2004-02-11,17.0742473481973,17.178403519351516,16.82873535974708,17.02960777282715,3235300,0.0,0
2004-02-12,17.148645401000977,17.49831501222233,17.11144717041304,17.148645401000977,2961100,0.0,0
2004-02-13,17.505751909488747,17.84054018384684,17.386715889403032,17.453672409057617,2526400,0.0,0
2004-02-17,17.461109520902834,17.684303086824425,17.223037519136653,17.58758544921875,1546000,0.0,0
2004-02-18,17.595026592806498,17.66198452530895,17.31975635387078,17.35695457458496,1905900,0.0,0
2004-02-19,17.43135431437543,17.55039033631993,17.1114444732666,17.1114444732666,2443600,0.0,0
2004-02-20,17.29743986481236,17.33463809261199,16.813855808310066,16.910572052001953,2568800,0.0,0
2004-02-23,17.096561855405263,17.10400178295323,16.263309836328318,16.389785766601562,3547000,0.0,0
2004-02-24,16.523705794962137,17.215603681742913,16.508827353854283,17.074249267578125,6124800,0.0,0
2004-02-25,17.08168729835419,17.23792298727725,16.85105514891888,17.118886947631836,1934900,0.0,0
2004-02-26,17.126321964644745,17.237918042422272,16.940328028675157,17.17840003967285,2136700,0.0,0
2004-02-27,17.14864477313923,17.28256066878721,17.05192852573874,17.18584442138672,2701400,0.0,0
2004-03-01,17.118885202694685,17.185843145547864,16.977529387891153,17.170963287353516,2425500,0.0,0
2004-03-02,17.193281499616166,17.409033747584203,17.118883634481197,17.275117874145508,1570600,0.0,0
2004-03-03,17.17096248423885,17.185842341737242,16.821294347154552,17.1114444732666,2589000,0.0,0
2004-03-04,17.170962052644473,17.483431957150135,17.133763828854793,17.401594161987305,2125800,0.0,0
2004-03-05,17.21560117255824,17.72894492003051,17.15608315973692,17.557830810546875,3720800,0.0,0
2004-03-08,17.743825252806822,17.885181069173086,17.490873336791992,17.490873336791992,2113700,0.0,0
2004-03-09,17.46111026807465,17.550387982067747,17.33463433434675,17.423912048339844,1514900,0.0,0
2004-03-10,17.409035033579283,17.721504955011124,17.178402911743344,17.28999900817871,1787300,0.0,0
2004-03-11,16.925454306062058,17.364400267521223,16.828738048682652,16.888256072998047,2505600,0.0,0
2004-03-12,16.999845330571514,17.141201113406634,16.8510496203218,16.94776725769043,1720200,0.0,0
2004-03-15,17.26023634978536,17.275114784934726,16.984964723717606,17.089120864868164,1834000,0.0,0
2004-03-16,17.111444221325748,17.56526993519555,17.111444221325748,17.49831199645996,2558900,0.0,0
2004-03-17,17.63222884476508,17.8851807563557,17.557830973293477,17.609909057617188,2543800,0.0,0
2004-03-18,17.602465221832126,17.818218859312722,17.602465221832126,17.8033390045166,1460900,0.0,0
2004-03-19,17.855421864251113,18.115813716909063,17.714066043833125,17.914939880371094,2007400,0.0,0
2004-03-22,17.669426742453712,17.914938720430108,17.364396752210954,17.505752563476562,1519100,0.0,0
2004-03-23,17.44623644701736,17.78846469998205,17.44623644701736,17.706626892089844,1833900,0.0,0
2004-03-24,17.595028097543402,17.833100136124994,17.595028097543402,17.66942596435547,1188400,0.0,0
2004-03-25,17.632232026865797,17.751268075094327,17.50575604824528,17.60247230529785,2678500,0.0,0
2004-03-26,17.60247213291826,17.885183808958665,17.520634318429465,17.77358627319336,1703300,0.0,0
2004-03-29,17.781020192952052,18.0562918456226,17.781020192952052,17.892616271972656,1318500,0.0,0
2004-03-30,18.264610623480213,18.525002512860144,17.669430378344625,18.19021415710449,5392100,0.0,0
2004-03-31,18.2794874629435,18.554759167707516,18.190211150440483,18.45060157775879,2229400,0.0,0
2004-04-01,18.316685223800405,18.59939540965785,18.279485581568338,18.472919464111328,2194800,0.0,0
2004-04-02,18.59939734460326,18.889547489092223,18.53243940064098,18.69611358642578,2675300,0.0,0
2004-04-05,18.710990689909824,19.276412456217127,18.70355076178485,19.12017822265625,2561300,0.0,0
2004-04-06,19.00858287677192,19.016022805741127,18.599396716614933,18.71099281311035,1955200,0.0,0
2004-04-07,18.740751889670776,18.85234798235924,18.56219785756497,18.70355224609375,1823700,0.0,0
2004-04-08,18.78539021564904,18.99370396453164,18.658914264366988,18.777950286865234,1847800,0.0,0
2004-04-12,18.7779486240134,19.202014593988576,18.748190330534698,19.12017822265625,1258900,0.0,0
2004-04-13,19.23177458292472,19.276412733295,18.88210505113077,18.95650291442871,1849400,0.0,0
2004-04-14,18.822590511681724,19.01602442428112,18.792832212293384,18.83003044128418,1422500,0.0,0
2004-04-15,18.85978855445181,18.97138465094723,18.591956787645724,18.71099281311035,1199000,0.0,0
2004-04-16,18.710993574486466,18.710993574486466,18.071175266334343,18.27948760986328,3071800,0.0,0
2004-04-19,18.279485950558957,18.83746782411214,18.279485950558957,18.822587966918945,2991600,0.0,0
2004-04-20,18.815150543088578,18.904426853356934,18.510119129111143,18.539878845214844,1419500,0.0,0
2004-04-21,18.532439223586827,18.57707737946142,18.086053407776724,18.42084312438965,1843500,0.0,0
2004-04-22,17.855412731906863,18.21996057156748,17.669418849282835,18.019086837768555,4292700,0.0,0
2004-04-23,18.004219353506883,18.49524338869147,17.85542358932058,18.331567764282227,4584800,0.0,0
2004-04-26,18.27948471530291,18.41340058294957,18.033972764291097,18.14556884765625,2976900,0.0,0
2004-04-27,18.041412353515625,18.12325014198948,17.91493641633838,18.041412353515625,1962700,0.0,0
2004-04-28,177.81022697257993,17.93725836510821,1759.502873302094,17.67686653137207,4075000,0.0,0
2004-04-29,17.513191721169278,17.885179636208342,17.49831186400261,17.66942596435547,17690600,0.0,0
2004-04-30,17.810784976384546,17.810784976384546,17.520633385475264,17.684309005737305,4244400,0.0,0
2004-05-03,17.654549751040054,17.840543746948242,17.595031729110296,17.840543746948242,2775800,0.0,0
2004-05-04,17.766140643024396,17.96701444013036,17.632226197308245,17.818220138549805,2812500,0.0,0
2004-05-05,17.96701940523482,18.30180915959572,17.929821174315407,18.00421905517578,3462400,0.0,0
2004-05-06,18.078612947186137,18.078612947186137,17.75126458836671,17.952136993408203,2663100,0.0,0
2004-05-07,17.669426437976995,17.91493841172277,17.542950486712726,17.624788284301758,4080000,0.0,0
2004-05-10,17.037051335806563,17.60247330656534,17.02961140499138,17.223045349121094,3908900,0.0,0
2004-05-11,17.40903679842022,17.79590462970148,17.32720040954951,17.706626892089844,3544000,0.0,0
2004-05-12,17.528072367456488,17.65454833126374,17.1263261064944,17.572711944580078,2003100,0.0,0
2004-05-13,17.498313287509962,17.90005953054359,17.45367371237847,17.736385345458984,2287600,0.0,0
2004-05-14,17.66942740178315,17.97445740340801,17.409035556268382,17.736385345458984,2298100,0.0,0
2004-05-17,17.446237245701337,17.483435476979903,17.148645719386554,17.297441482543945,2223500,0.0,0
2004-05-18,17.409036333169833,17.61735010268221,17.349518316026508,17.572711944580078,2120300,0.0,0
2004-05-19,17.617350898953255,17.85542297828697,17.617350898953255,17.632230758666992,1637900,0.0,0
2004-05-20,17.58014561739101,17.58014561739101,17.223037612799704,17.39415168762207,1712400,0.0,0
2004-05-21,17.356960278448806,17.639670538236157,17.327201975902486,17.60247230529785,1873300,0.0,0
2004-05-24,17.78102205506293,17.833100136124994,17.49831186400261,17.66942596435547,2799500,0.0,0
2004-05-25,17.632230275082556,17.661988574672353,17.33463876505568,17.65454864501953,2494400,0.0,0
2004-05-26,17.550388733832392,18.00421441294628,17.483430800224728,17.900056838989258,2244600,0.0,0
2004-05-27,17.877737292992,18.353881305845423,17.83309772752117,18.17532730102539,2921700,0.0,0
2004-05-28,18.07861252878473,18.361324145520182,18.07861252878473,18.309246063232425,1680300,0.0,0
2004-06-01,18.29436397365829,19.209453813978453,18.234845969873756,18.867225646972656,7004300,0.0,0
2004-06-02,19.120173503101988,19.306167403252704,18.524992171207188,18.57707023620605,4660500,0.0,0
2004-06-03,18.562199591490376,18.882108042008124,18.346445895653645,18.65147590637207,2822400,0.0,0
2004-06-04,18.852348775923765,18.852348775923765,18.47292090959444,18.562198638916016,1511900,0.0,0
2004-06-07,18.599396089624623,18.837468132528407,18.547318007617083,18.72587203979492,1502500,0.0,0
2004-06-08,18.85978668545624,19.06066049065431,18.740750671788025,18.95650291442871,2031500,0.0,0
2004-06-09,18.963943389404594,18.963943389404594,18.07861177057893,18.472919464111328,3867900,0.0,0
2004-06-10,18.487800620119515,18.770510825842663,18.45060097527347,18.71099281311035,2031600,0.0,0
2004-06-14,18.7109924774334,18.733312263940608,18.51011865593253,18.584516525268555,1423800,0.0,0
2004-06-15,18.59940053223085,18.710996651619908,18.37620829345274,18.4878044128418,1158200,0.0,0
2004-06-16,18.636596528684784,18.867230089296456,18.52500042269092,18.83003044128418,2186300,0.0,0
2004-06-17,19.521924749529077,20.11710623874094,19.298732577962888,19.93111228942871,10099800,0.0,0
2004-06-18,19.975747522671703,20.384933583792428,19.9683075955032,20.23613929748535,5186600,0.0,0
2004-06-21,20.265898584824605,20.42213422501265,19.841832648490183,19.88647079467773,2913700,0.0,0
2004-06-22,19.99063379817669,20.03527195650488,19.752560309376243,19.80463981628418,2969500,0.0,0
2004-06-23,19.71535354084816,20.60812483483453,19.71535354084816,20.50396728515625,4924400,0.0,0
2004-06-24,20.45933834618684,20.727170138623794,20.392380398077595,20.39982032775879,2621400,0.0,0
2004-06-25,20.44445927811368,20.704851150947743,20.325423236650373,20.43701934814453,3964900,0.0,0
2004-06-28,20.39237512456503,20.526290986152578,20.236140898726976,20.31053733825684,1910100,0.0,0
2004-06-29,20.050146620934704,20.22126069937762,19.98318869127946,20.20638084411621,3437300,0.0,0
2004-06-30,20.13942611424679,20.68252814638732,20.13942611424679,20.444456100463867,2248500,0.0,0
2004-07-01,20.474215522439803,20.675089340443364,20.23614347992653,20.585811614990234,2304100,0.0,0
2004-07-02,20.422139811166826,20.905723881035133,20.422139811166826,20.764368057250977,2315700,0.0,0
2004-07-06,20.466771528963847,20.63788559815877,20.1171034633454,20.26589775085449,3109100,0.0,0
2004-07-07,20.05014994275412,20.48909581254061,19.64096236939957,20.27334213256836,3985400,0.0,0
2004-07-08,20.161741607696023,20.38493374847018,19.93854804790084,20.26589775085449,2398800,0.0,0
2004-07-09,20.169188014725048,20.303103909821413,19.96087424246165,20.079910278320312,2204900,0.0,0
2004-07-12,19.82696057260172,19.90135845811864,19.5591301713711,19.693044662475582,1994200,0.0,0
2004-07-13,19.268972528092156,19.45496647415293,19.097858438281325,19.12017822265625,4844300,0.0,0
2004-07-14,19.142498986231345,19.566565009334603,18.9193067906048,19.27641487121582,4002200,0.0,0
2004-07-15,19.41777021471717,19.50704652319585,19.20201653435456,19.343372344970703,2251400,0.0,0
2004-07-16,19.34337038087456,193.4337038087456,19.038340423005543,1909.7858428955083,-22841000,0.0,0
2004-07-19,19.05322153738199,19.306173434125885,18.822588007454662,19.068099975585938,2086000,0.0,0
2004-07-20,18.82258834034564,19.291293918081013,18.82258834034564,19.19457626342773,1861800,0.0,0
2004-07-21,19.016022366734777,19.410330078871663,18.91186620161313,19.023462295532227,2334000,0.0,0
2004-07-22,18.599395455385554,18.941623650634444,18.51011773283035,18.71843147277832,4002000,0.0,0
2004-07-23,18.53244400024414,18.703558157718508,18.42828780335048,18.53244400024414,2413400,0.0,0
2004-07-26,18.53987523824393,18.59939323985061,17.96701358589147,18.17532730102539,2946100,0.0,0
2004-07-27,18.2274114294376,18.577079627644355,18.219971499387896,18.30180931091309,3529500,0.0,0
2004-07-28,18.331565034916544,18.353884821927792,17.78846298883506,18.04885482788086,4031000,0.0,0
2004-07-29,18.242287809739548,18.52499800259229,18.167889942455783,18.383642196655277,3297800,0.0,0
2004-07-30,18.420839114083734,18.547315044045156,18.197645545258307,18.324121475219727,1444800,0.0,0
2004-08-02,18.23484805999788,18.58451619493422,18.011654455957,18.48036003112793,2003100,0.0,0
2004-08-03,18.48780026228863,18.48780026228863,18.22740842949163,18.36132431030273,1488900,0.0,0
2004-08-04,18.24972745931941,18.740751389254346,18.16044973613975,18.54731750488281,2121800,0.0,0
2004-08-05,18.495244343337287,18.696116790628928,18.30181040751949,18.4878044128418,2075200,0.0,0
2004-08-06,18.41340688317944,18.45060511735497,18.11581675271017,18.12325668334961,1735000,0.0,0
2004-08-09,18.10836964438238,18.272043796508868,17.885177489753428,18.033971786499023,1129500,0.0,0
2004-08-10,17.892621672308692,18.376207192388573,17.870303301181142,18.30180931091309,2372700,0.0,0
2004-08-11,18.0786097604358,18.153007617606452,17.81077946125097,17.98189353942871,1756800,0.0,0
2004-08-12,17.92981790842177,17.92981790842177,17.3346363889719,17.453672409057617,3962800,0.0,0
2004-08-13,17.297437415472515,17.773581475187978,17.297437415472515,17.639665603637695,1989800,0.0,0
2004-08-16,17.706626439671968,18.39108434713443,17.676868140576104,18.26460838317871,3190000,0.0,0
2004-08-17,18.510118801975896,18.599396529687787,18.3910827777076,18.43572235107422,3237700,0.0,0
2004-08-18,18.435721790137805,18.98626374038288,18.361323922478466,18.9193058013916,4111800,0.0,0
2004-08-19,18.926745465919787,19.35825138949637,18.78538966124191,19.261533737182617,4379900,0.0,0
2004-08-20,19.164822867395188,19.55169074687726,19.157382936748803,19.38057518005371,1869700,0.0,0
2004-08-23,19.19457522067929,19.715358852311105,19.19457522067929,19.52192497253418,2335300,0.0,0
2004-08-24,19.551687067307306,19.849277142048837,19.35825316396996,19.45496940612793,2514800,0.0,0
2004-08-25,19.380566481520848,19.52936218962162,19.22433226513397,19.484724044799805,2105100,0.0,0
2004-08-26,19.5591287550708,19.752561256777817,19.112742893314252,19.13506126403809,2273100,0.0,0
2004-08-27,19.17969926603046,19.321053665727,19.038343447312503,19.283855438232425,1451000,0.0,0
2004-08-30,19.120177116242207,19.28385126845684,19.060659113707693,19.15737533569336,936000,0.0,0
2004-08-31,19.105302341927647,19.52936840014449,19.04578432356426,19.41777229309082,1721800,0.0,0
2004-09-01,19.45497256403875,19.84184043350943,19.432654191698823,19.693044662475582,1751500,0.0,0
2004-09-02,19.618639607908943,19.81207203894748,19.432645685046413,19.581439971923828,1506700,0.0,0
2004-09-03,19.39545217580716,19.559127787802424,19.231777982833364,19.26897621154785,1752000,0.0,0
2004-09-07,19.239217139963,19.566565512768182,19.239217139963,19.4772891998291,1883200,0.0,0
2004-09-08,19.62608417119248,19.85671772839301,19.566566154274604,19.68560218811035,3084500,0.0,0
2004-09-09,19.618642046271543,19.91623207603427,19.536804255953843,19.782316207885746,1779100,0.0,0
2004-09-10,19.82695597530826,19.923673629760746,19.69304009623332,19.923673629760746,1470100,0.0,0
2004-09-13,19.92367437578965,1992.3674375789649,19.492168426513672,194.92168426513672,1853600,0.0,0
2004-09-14,19.6037637747092,19.983191625460883,19.588883917262944,19.8790340423584,1618000,0.0,0
2004-09-15,19.64096420404503,19.90135606249884,19.38057234559122,19.80463981628418,2330900,0.0,0
2004-09-16,19.80463871927815,20.213824889167707,19.80463871927815,20.06502914428711,2834100,0.0,0
2004-09-17,20.065027844162813,20.16918542643884,19.826955802996974,19.849275588989254,1607000,0.0,0
2004-09-20,19.71535862709634,19.960870583427635,19.64840069182224,19.93111228942871,1529200,0.0,0
2004-09-21,19.864159259009504,20.154309437493627,19.834399538641097,20.117111206054688,1430700,0.0,0
2004-09-22,20.01294708251953,20.1543028701652,19.78975492857046,20.01294708251953,1455400,0.0,0
2004-09-23,19.901351005545,20.169182725500768,19.84183300322384,20.01294708251953,1135900,0.0,0
2004-09-24,19.901354000638914,20.11710767841159,19.901354000638914,19.953432083129883,1511600,0.0,0
2004-09-27,19.86415926044856,19.879037701612265,19.71536349663888,19.82695960998535,1559400,0.0,0
2004-09-28,19.864152908325195,19.998067350105096,19.81951334204411,19.864152908325195,3252100,0.0,0
2004-09-29,19.73023711640504,20.139423208929017,19.670719113510252,20.109664916992188,2659100,0.0,0
2004-09-30,20.11710754130993,20.273341787718085,20.057588111415807,20.12454605102539,3163200,0.0,0
2004-10-01,20.10222802577602,20.437016310497377,20.05014994275412,20.27334213256836,2173800,0.0,0
2004-10-04,19.566567258022964,20.518857001448985,19.566567258022964,20.38494110107422,2928400,0.0,0
2004-10-05,20.273341453681763,20.3849375448519,20.012949628270583,20.02038955688477,2593700,0.0,0
2004-10-06,20.21382617341668,20.21382617341668,1987.1596506056917,-2007.9910278320312,161350000,0.0,0
2004-10-07,19.975751538236278,20.087347630155097,19.77487772136961,19.849275588989254,1382900,0.0,0
2004-10-08,19.856718221705545,19.91623624010205,19.75256062524552,19.908796310424805,1232800,0.0,0
2004-10-11,19.938549224862808,20.124543159494067,19.7302369262493,20.01294708251953,1644900,0.0,0
2004-10-12,19.938553643466324,20.10966917970422,19.64096356591128,19.774879455566406,3563500,0.0,0
2004-10-13,18.004212787201077,18.004212787201077,16.82129129230946,17.8033390045166,28324800,0.0,0
2004-10-14,17.967016148587778,18.130691740617564,17.483432139180653,17.49831199645996,10408000,0.0,0
2004-10-15,17.44623391500368,17.721504179564388,17.22304031287796,17.49831199645996,5249400,0.0,0
2004-10-18,17.416471375326942,17.62478508638288,17.34951344745257,17.58758544921875,3714400,0.0,0
2004-10-19,17.885178863066425,17.996774948949803,17.49087117932252,17.833099365234375,4446900,0.0,0
2004-10-20,17.885183013407804,18.048857216083384,17.706627531734288,18.00421905517578,3993000,0.0,0
2004-10-21,17.95213528171468,18.182768799509663,17.706623326498413,18.0711727142334,1885900,0.0,0
2004-10-22,17.90750202838627,17.9447016796651,17.55783382049487,17.74382781982422,3552400,0.0,0
2004-10-25,17.580147596173266,17.818221045052226,17.371835279558365,17.639665603637695,3437100,0.0,0
2004-10-26,17.56526700386288,17.818218859312722,17.379273075974524,17.8033390045166,2039700,0.0,0
2004-10-27,17.78846207262912,18.301805795276877,17.7438239199271,18.182769775390625,2916600,0.0,0
2004-10-28,18.108376341265235,18.346448439319467,17.981900361796217,18.19021415710449,2324600,0.0,0
2004-10-29,18.115811479759948,18.27204572064825,17.580147981808597,18.011653900146484,2296700,0.0,0
2004-11-01,17.967014130993437,18.153008069034826,17.795900048560437,17.892616271972656,2156300,0.0,0
2004-11-02,18.01909165991968,18.279483449081805,18.011651732341207,18.17532730102539,1888700,0.0,0
2004-11-03,18.51756176000432,18.525001690115783,18.234851510876236,18.331567764282227,2157800,0.0,0
2004-11-04,18.29436734167348,18.69611358642578,17.937259253222233,18.69611358642578,2562900,0.0,0
2004-11-05,18.62171680864962,18.748192765155835,18.458041206687827,18.59195709228516,2156700,0.0,0
2004-11-08,18.234845291616875,18.450597515177844,18.14556757975024,18.15300750732422,3941400,0.0,0
2004-11-09,18.30180311165194,18.584513262672186,-181.67887254160902,183.24121475219727,3112600,-0.0,0
2004-11-10,18.413405271375503,18.450603502294918,179.59579475246628,18.00421905517578,3216900,-0.0,0
2004-11-11,18.011659139227177,18.219972940025414,17.967020974421008,18.078617095947266,2672100,0.0,0
2004-11-12,18.138126574071823,18.361320130961552,18.00421214276319,18.234844207763672,2735400,0.0,0
2004-11-15,18.376203285674897,18.88210565030777,1822.7407554357353,18.74075126647949,467260000,-0.0,0
2004-11-16,18.7035492443336,-190.16019105125326,-186.14272952119433,-187.63067245483398,5927400,0.0,0
2004-11-17,18.93418460992092,19.335930802593687,18.867226674638587,19.224334716796875,3263300,0.0,0
2004-11-18,19.261535656101003,19.38057168694507,19.120181256362063,19.306175231933597,3364300,0.0,0
2004-11-19,19.306176820577967,19.306176820577967,18.785393078515455,18.911869049072266,2257900,0.0,0
2004-11-22,18.80027007321665,18.97138417818022,18.658914264366988,18.777950286865234,1782300,0.0,0
2004-11-23,18.8002718281714,18.867229774454668,18.599397989321574,18.748193740844727,1754200,0.0,0
2004-11-24,18.83746945552138,19.306175064549983,18.792831299097223,19.23177719116211,1755200,0.0,0
2004-11-26,19.187136670746685,19.343370908492783,19.187136670746685,19.29873275756836,449100,0.0,0
2004-11-29,19.19457518004973,19.41776877271431,19.16481688577386,19.29873275756836,1834000,0.0,0
2004-11-30,19.343370908492783,19.507045074563155,19.268973044271256,19.29873275756836,1735900,0.0,0
2004-12-01,19.343371493823952,20.01294945403668,19.343371493823952,19.94599151611328,3849600,0.0,0
2004-12-02,19.849276418868754,20.161746340718317,19.67816230950435,20.154306411743164,2520300,0.0,0
2004-12-03,20.087350212780198,20.19150638942625,20.035272124457165,20.102230072021484,2260700,0.0,0
2004-12-06,20.087350212780198,20.243584477749287,20.02783219483652,20.102230072021484,2566100,0.0,0
2004-12-07,20.012949628270583,20.19894358656124,19.945991689764245,20.02038955688477,2529000,0.0,0
2004-12-08,20.020391283623734,20.020391283623734,19.574005461421567,19.722801208496094,2775100,0.0,0
2004-12-09,19.72280054965565,19.774878633685645,19.29873452938701,19.492168426513672,3623800,0.0,0
2004-12-10,19.841835961778344,19.841835961778344,19.29873393223987,19.730239868164062,3111400,0.0,0
2004-12-13,-1972.28000963728,-199.01354131381137,1968.5600452191063,19.759998321533203,2241500,0.0,0
2004-12-14,19.85671680427994,20.12454715843507,19.767439073547305,20.06502914428711,1950800,0.0,0
2004-12-15,20.01295234274724,20.40726009865342,19.998072483500632,20.34774208068848,2640400,0.0,0
2004-12-16,20.39981773820048,20.42213752441078,19.998070100542996,20.12454605102539,2892300,0.0,0
2004-12-17,19.9757584827542,20.44446279936556,19.960878620253062,20.355186462402344,4260700,0.0,0
2004-12-20,20.22126482461829,20.258463051339344,20.01295106552479,20.08734893798828,2280900,0.0,0
2004-12-21,19.98318904131649,20.41469491830818,19.826953396377167,20.332857131958008,2279400,0.0,0
2004-12-22,20.184063645650166,20.45933532714844,20.131985564588103,20.45933532714844,1395600,0.0,0
2004-12-23,20.310544162868105,20.533737813517074,20.23614769834005,20.496538162231445,1106200,0.0,0
2004-12-27,20.362624966541038,20.53373911624617,20.22126912073076,20.243587493896484,1300100,0.0,0
2004-12-28,20.1022324372296,20.30310630355717,19.953436665352516,20.25846672058105,2179600,0.0,0
2004-12-29,20.258464332108304,20.258464332108304,-199.90633960937055,20.079910278320312,17556000,0.0,0
2004-12-30,20.124543159494067,20.124543159494067,19.938549224862808,20.01294708251953,1506800,0.0,0
2004-12-31,20.05758922139433,20.22870475376678,20.01295106552479,20.08734893798828,1076700,0.0,0
2005-01-03,20.050144823049884,20.05758333099248,19.492163071970808,19.61863899230957,2425500,0.0,0
2005-01-04,19.529363206289347,19.55912291706716,19.075537550075488,19.15737533569336,4101800,0.0,0
2005-01-05,19.045782883088467,19.246656712005425,18.82258926684028,19.08298110961914,3302600,0.0,0
2005-01-06,18.95650720955657,19.13506127051532,18.67379696779393,18.911869049072266,3295400,0.0,0
2005-01-07,19.90135733907024,20.072471472822304,19.603767232757612,19.79720115661621,10569900,0.0,0
2005-01-10,19.826960227993364,20.14687013684069,19.826960227993364,20.057592391967773,3244400,0.0,0
2005-01-11,19.901354609795337,20.05758886205039,19.626082912318488,19.71536064147949,3818000,0.0,0
2005-01-12,19.62608591823398,19.707923730914,19.425213480143643,19.633525848388672,3251100,0.0,0
2005-01-13,19.678163032474156,19.78231920391022,19.46240934133212,19.4772891998291,1761100,0.0,0
2005-01-14,19.46985007198192,19.730241930311525,19.4624101424272,19.559127807617188,2231800,0.0,0
2005-01-18,19.12018220127387,19.514488540798272,19.03090446421804,19.41777229309082,3481700,0.0,0
2005-01-19,19.35081227384748,19.440088582326165,19.30617411960814,19.343372344970703,2711000,0.0,0
2005-01-20,19.09785842895508,19.34337038087456,19.075538644591056,19.09785842895508,2468400,0.0,0
2005-01-21,190.90419381886036,19.14249746211771,-186.73793321011348,18.71843147277832,2749100,0.0,0
2005-01-24,18.785395335544376,18.971389348767588,18.36876914325046,18.52500343322754,4158500,0.0,0
2005-01-25,18.52500011356,18.919307861781338,18.52500011356,18.748193740844727,2203900,0.0,0
2005-01-26,18.79282794758682,19.00114167211793,18.651472155261377,18.8969841003418,1732400,0.0,0
2005-01-27,18.934186790787948,19.24665671842249,18.7630712592342,19.105300903320312,3040300,0.0,0
2005-01-28,19.0457820892334,19.20945626577613,18.993704006652592,19.0457820892334,1812700,0.0,0
2005-01-31,19.12018470253854,19.402894971992872,19.12018470253854,19.38057518005371,2403400,0.0,0
2005-02-01,19.00858951351779,19.417777235561807,19.00858951351779,19.335939407348636,1543800,0.0,0
2005-02-02,19.246655772117272,19.40289001874224,19.068100320229718,19.216896057128903,1702400,0.0,0
2005-02-03,19.268972805063083,19.31361095543336,18.733310743556107,18.95650291442871,2637900,0.0,0
2005-02-04,18.85234977137761,19.157379782548908,18.85234977137761,19.14249992370605,1774800,0.0,0
2005-02-07,19.02346263650189,19.2615346862021,18.926746398444184,19.172258377075195,1226500,0.0,0
2005-02-08,19.097861302868225,19.27641534758627,19.016023500239427,19.23177719116211,1447500,0.0,0
2005-02-09,19.14249687224604,19.268972814206187,18.92674462950298,18.978822708129883,1142000,0.0,0
2005-02-10,18.911869049072266,19.060664809381997,18.882109329401704,18.911869049072266,2334300,0.0,0
2005-02-11,18.88954814386813,19.06810219428304,18.58451813036497,18.748193740844727,4395300,0.0,0
2005-02-14,18.62171936254336,18.7928334980425,18.30180946285791,18.331567764282227,3979900,0.0,0
2005-02-15,18.272051461722235,18.577081529886566,18.264611530910702,18.52500343322754,2607300,0.0,0
2005-02-16,18.51755685279473,18.696110871087985,18.48779855925645,18.636592864990234,4525000,0.0,0
2005-02-17,18.636590339731576,18.636590339731576,18.20508449923664,18.234844207763672,3321300,0.0,0
2005-02-18,18.3092511157799,18.554763156473676,18.24229315749781,18.52500343322754,3016200,0.0,0
2005-02-22,18.45060157775879,18.696113565674192,18.36132526525577,18.45060157775879,3091800,0.0,0
2005-02-23,18.43572169706881,18.54731778848381,18.197648237956518,18.383642196655277,2045500,0.0,0
2005-02-24,18.279488082264944,18.44316369243492,18.145572189951853,18.2125301361084,3038200,0.0,0
2005-02-25,18.31668651089178,18.71099281311035,18.31668651089178,18.71099281311035,2322500,0.0,0
2005-02-28,18.56219681579763,19.380569062264332,18.532437102606217,19.008581161499023,4649700,0.0,0
2005-03-01,19.0308958738561,19.32104590502903,18.87466167830786,19.0383358001709,1826900,0.0,0
2005-03-02,19.04578494954671,19.04578494954671,18.755633358844896,18.911869049072266,1515800,0.0,0
2005-03-03,18.874662472961425,18.94905890119993,18.61427071706393,18.681228637695312,1242600,0.0,0
2005-03-04,18.78539039410543,19.08298045317808,18.66635437047637,18.87466812133789,2314600,0.0,0
2005-03-07,18.822593357714094,19.03090716101607,18.666359069503883,18.96394920349121,1924800,0.0,0
2005-03-08,18.83002917185126,19.00114470312895,18.81515073267086,18.83746910095215,1481200,0.0,0
2005-03-09,18.785390050520867,18.91186600069117,18.67379395778738,18.72587203979492,1967800,0.0,0
2005-03-10,18.69611310436634,18.710992962423497,18.42828275444433,18.562198638916016,1238500,0.0,0
2005-03-11,18.37620060653518,18.450597042326137,18.153007042099144,18.19764518737793,2740100,0.0,0
2005-03-14,18.205090206644176,18.294367941193386,18.019096227102985,18.2125301361084,2075600,0.0,0
2005-03-15,18.353887572980884,18.398525734672805,17.781025725018484,17.840543746948242,4659600,0.0,0
2005-03-16,17.89261739015378,17.944696888037775,17.75870293837289,17.87773895263672,3713600,0.0,0
2005-03-17,17.929816219490508,18.02653244456681,17.72894242238455,17.818220138549805,3258000,0.0,0
2005-03-18,17.818226029600577,17.818226029600577,17.50575604824528,17.60247230529785,2367900,0.0,0
2005-03-21,17.714063993365134,17.952136030287342,17.654545984134582,17.86285972595215,2493900,0.0,0
2005-03-22,17.870300164292484,18.413402191392688,17.870300164292484,18.06373405456543,4733500,0.0,0
2005-03-23,17.959581043783032,18.13813512202938,17.90750294833889,18.078617095947266,2869800,0.0,0
2005-03-24,18.078609650605543,18.197645653746992,17.98933335776,18.15300750732422,1950300,0.0,0
2005-03-28,18.212529665437145,18.450601726053883,18.212529665437145,18.27948760986328,1727400,0.0,0
2005-03-29,18.1158125988029,18.33156486178858,17.974456787109375,17.974456787109375,2515900,0.0,0
2005-03-30,18.01909137062685,18.301802937985517,17.989333079811818,18.27204322814941,1481100,0.0,0
2005-03-31,18.27204814015616,18.450602190109567,17.967018127441406,17.967018127441406,2137700,0.0,0
2005-04-01,18.57707605913084,18.748191579360952,18.093492050965292,18.182769775390625,3865800,0.0,0
2005-04-04,18.00421431190767,18.20508669258219,17.952134815710835,18.11581039428711,3196200,0.0,0
2005-04-05,18.182769358028125,18.524997552590357,18.14556971577924,18.4952392578125,2361300,0.0,0
2005-04-06,18.487793958785385,18.70354614506937,18.487793958785385,18.57707023620605,2329500,0.0,0
2005-04-07,18.59940068330441,18.636598917062354,18.23485260019424,18.517562866210938,3057400,0.0,0
2005-04-08,17.706627219192633,17.85542297828697,17.148645251121167,17.632230758666992,14040100,0.0,0
2005-04-11,17.446231016672165,17.63222494470056,16.925447450584226,17.36439323425293,3397700,0.0,0
2005-04-12,17.461115367821115,17.461115367821115,17.178405125812485,17.438796997070312,2996200,0.0,0
2005-04-13,17.624789689345768,17.632229618721638,17.14120563208577,17.20072364807129,3895300,0.0,0
2005-04-14,17.223038301039914,17.394152382700078,16.910568429780817,17.007286071777344,5004900,0.0,0
2005-04-15,16.821295888826715,16.94033192168087,16.709698366382185,16.739458084106445,6730500,0.0,0
2005-04-18,16.81385229991486,16.92544837904942,16.7022562207803,16.791532516479492,5378200,0.0,0
2005-04-19,16.72458252510362,16.984974446051403,16.62786625567709,16.69482421875,3545400,0.0,0
2005-04-20,16.73945952532101,16.86593549849541,16.27075528298151,16.293073654174805,6627800,0.0,0
2005-04-21,16.36746723199232,16.612979183711357,16.181473286174224,16.33770751953125,7034500,0.0,0
2005-04-22,16.337710858302607,16.367470576845367,15.861566713790344,16.181476593017578,6470600,0.0,0
2005-04-25,16.159151278572775,16.29306712818039,16.099633280860612,16.255868911743164,3787700,0.0,0
2005-04-26,16.144278034713235,16.278192508360966,15.958284054677463,16.03268051147461,2454800,0.0,0
2005-04-27,15.772287404068573,16.09219580358499,15.653251390522644,15.973159790039062,3882000,0.0,0
2005-04-28,15.88388305173929,16.12939500029079,15.846683411642896,16.08475685119629,4956900,0.0,0
2005-04-29,16.18147579996572,16.35258991613585,16.002921754524532,16.144277572631836,3798000,0.0,0
2005-05-02,16.10708169234086,16.397233325668097,16.069883456309498,16.34515380859375,3440100,0.0,0
2005-05-03,16.51626761885202,16.59066408296467,16.337712131721194,16.441869735717773,3185200,0.0,0
2005-05-04,16.404670084639854,16.560905781123928,16.270755597824127,16.441869735717773,2930600,0.0,0
2005-05-05,16.330270588563145,16.50882462352109,16.107076980599714,16.233552932739258,3178600,0.0,0
2005-05-06,16.181473927064378,16.39722759388877,-160.9963613357633,16.367467880249023,276780000,0.0,0
2005-05-09,16.330270458304838,16.44186655188574,16.233552803252422,16.426986694335938,2667300,0.0,0
2005-05-10,16.31539329179837,16.471627564776483,16.22611555079548,16.263315200805664,2267000,0.0,0
2005-05-11,16.233551204760243,16.449304860923544,16.21867134867563,16.30794906616211,2491500,0.0,0
2005-05-12,16.27819711416888,16.59066714580115,16.27819711416888,16.360034942626953,1909300,0.0,0
2005-05-13,15.623494643420944,16.56090449230878,15.623494643420944,16.4046688079834,4231900,0.0,0
2005-05-16,-164.7162851955241,16.4790684499857,16.21867656090704,1637.491226196289,890000,0.0,0
2005-05-17,16.2484345426795,-164.2698859689316,-1623.3554683406326,164.04668807983398,1264600,0.0,0
2005-05-18,16.345150338388663,16.910572203956608,16.330271898547977,16.739458084106445,4768500,0.0,0
2005-05-19,16.665054445968288,17.03704227475785,16.665054445968288,16.9552059173584,2824500,0.0,0
2005-05-20,16.851055301894036,17.156085333632195,16.851055301894036,16.903133392333984,2618700,0.0,0
2005-05-23,16.851052143560835,17.133763751563684,16.75433591073119,16.932889938354492,2339800,0.0,0
2005-05-24,16.761778195945734,16.947772178248197,16.6353022312192,16.865934371948242,4198400,0.0,0
2005-05-25,16.903128712277514,16.903128712277514,16.590658837131432,16.620418548583984,2718600,0.0,0
2005-05-26,16.754335174279728,17.252799011617345,16.746895246078125,17.141202926635742,3542700,0.0,0
2005-05-27,17.12632640321223,17.356958546260692,17.11888647356273,17.18584442138672,3498600,0.0,0
2005-05-31,17.02960780453585,17.319759368896484,17.02960780453585,17.319759368896484,3361600,0.0,0
2005-06-01,17.289998549442366,17.453672725270227,17.185842384735665,17.379276275634766,2370500,0.0,0
2005-06-02,17.409031447894115,17.70662145010184,17.364393302318224,17.58758544921875,1556400,0.0,0
2005-06-03,17.453672409057617,17.557829990898586,17.297438164828097,17.453672409057617,1862700,0.0,0
2005-06-06,17.31975891980145,17.639667354793005,17.260240906428443,17.609909057617188,2062400,0.0,0
2005-06-07,17.669429457057372,17.944701192968385,17.602471505593115,17.78846549987793,2455000,0.0,0
2005-06-08,17.788462932851836,17.818222648773176,17.461113152823874,17.557830810546875,1496600,0.0,0
2005-06-09,17.572709565227054,17.624787645798385,17.431353761518245,17.617347717285156,1794500,0.0,0
2005-06-10,17.6173475959341,17.810781478881836,17.57270944418347,17.810781478881836,1148500,0.0,0
2005-06-13,17.714068098801153,17.937261749409334,17.66942993628816,17.74382781982422,1662400,0.0,0
2005-06-14,17.684304309150154,17.721502529864335,17.31231642592371,17.35695457458496,2426500,0.0,0
2005-06-15,17.35695773375452,17.528071850618378,17.051927727511497,17.104005813598633,2170500,0.0,0
2005-06-16,17.111440129879412,17.453668251346944,17.07424191459675,17.3718318939209,2791500,0.0,0
2005-06-17,17.371838104588303,17.65454833126374,17.237922211260454,17.572711944580078,1762300,0.0,0
2005-06-20,17.550393890239103,17.877743726384807,17.40903805342275,17.74382781982422,3211000,0.0,0
2005-06-21,17.706625783819476,17.855421530851803,17.69174734433337,17.766143798828125,1480500,0.0,0
2005-06-22,17.76614570971599,17.840543591234226,17.70662768830571,17.78846549987793,1995700,0.0,0
2005-06-23,17.736384297985868,17.743824226735065,17.1114444732666,17.1114444732666,2739600,0.0,0
2005-06-24,17.16352238190972,17.170962310583672,16.836172615362283,17.037046432495117,2373600,0.0,0
2005-06-27,17.051929152752297,17.111447173115316,16.813857071300227,16.903133392333984,1009400,0.0,0
2005-06-28,17.044488285313243,17.349518300273512,17.01472998627933,17.304880142211914,1233600,0.0,0
2005-06-29,17.215601738099174,17.267679823650955,16.813855493113017,16.8287353515625,2241800,0.0,0
2005-06-30,16.784096565648287,17.044488424676032,16.784096565648287,16.865934371948242,4404300,0.0,0
2005-07-01,16.88825340599805,17.319759368896484,16.880813476755836,17.319759368896484,1673800,0.0,0
2005-07-05,17.304876135305737,17.319755990888023,16.932888259875316,17.208158493041992,2953100,0.0,0
2005-07-06,-171.8584287565826,17.587589107446856,17.178402946677924,17.557830810546875,-273580000,0.0,0
2005-07-07,17.528068099513302,17.56526773805848,16.51626205444336,16.51626205444336,4963800,0.0,0
2005-07-08,17.74382357019207,18.12325140823386,17.63222748112596,18.011653900146484,9795800,0.0,0
2005-07-11,17.86285265749431,18.167882511476066,17.855412731906863,18.019086837768555,3230100,0.0,0
2005-07-12,18.019093442302765,18.041413227245968,17.58014760490168,17.661985397338867,3562900,0.0,0
2005-07-13,17.5727098638352,17.632227873931136,17.43879398636403,17.49831199645996,3035100,0.0,0
