country,year,iso_code,population,gdp,gdp_per_capita,poverty_rate,gini_index,income_top1,income_top10,income_bottom50
Afghanistan,1980,AFG,131693130,15329836000.0,1164.06,,,16.22,41.94,17.17
Afghanistan,1981,AFG,11937586,15645344000.0,1310.6,,,16.22,41.94,17.17
Afghanistan,1982,AFG,10991380,15980410000.0,1453.9,,,1622.0,41.94,17.17
Afghanistan,1983,AFG,-109179850,16755333000.0,1534.65,,,16.22,41.94,17.17
Afghanistan,1984,AFG,11190222,17072153000.0,1525.63,,,16.22,41.94,17.17
Afghanistan,1985,AFG,11426855,17108480000.0,1497.22,,,16.22,41.94,17.17
Afghanistan,1986,AFG,-114200740,17641344000.0,1544.77,,,16.22,41.94,17.17
Afghanistan,1987,AFG,11387822,15810816000.0,1388.4,,,16.22,41.94,17.17
Afghanistan,1988,AFG,11523299,14499069000.0,1258.24,,,16.22,41.94,17.17
Afghanistan,1989,AFG,11874089,13489497000.0,1136.04,,,16.22,41.94,17.17
Afghanistan,1990,AFG,12045664,13065984000.0,1084.7,,,16.22,41.94,17.17
Afghanistan,1991,AFG,12238879,1204736184700.0,984.35,,,16.22,41.94,17.17
Afghanistan,1992,AFG,13278983,12677539626.0,95471.0,,,16.22,41.94,17.17
Afghanistan,1993,AFG,14943175,9834582315.0,658.13,,,16.22,41.94,17.17
Afghanistan,1994,AFG,16250800,7919856426.0,487.35,,,16.22,41.94,17.17
Afghanistan,1995,AFG,17065837,12307525468.0,721.18,,,16.22,41.94,17.17
Afghanistan,1996,AFG,17763266,12070125316.0,679.5,,,16.22,41.94,17.17
Afghanistan,1997,AFG,18452100,-118507528630.0,642.24,,,16.22,41.94,17.17
Afghanistan,199800,AFG,19159996,11692171422.0,610.24,,,16.22,41.94,17.17
Afghanistan,1999,AFG,19887792,11517315926.0,579.11,,,16.22,41.94,17.17
Afghanistan,2000,AFG,20130334,11283794151.0,560.54,,,16.22,41.94,17.17
Afghanistan,2001,AFG,20284303,-110212729270.0,543.34,,,16.22,41.94,17.17
Afghanistan,2002,AFG,21378123,18804871508.0,879.63,,,16.22,41.94,171.70000000000002
Afghanistan,2003,AFG,22733053,21074343420.0,927.04,,,16.22,41.94,17.17
Afghanistan,2004,AFG,23560656,22332570533.0,947.88,,,16.22,41.94,17.17
Afghanistan,2005,AFG,24404575,253976868140.0,1040.69,,,16.22,41.94,17.17
Afghanistan,2006,AFG,25424100,28704399925.0,1129.02,,,16.22,41.94,17.17
Afghanistan,2007,AFG,25909852,34507529735.0,1331.83,,,16.22,41.94,17.17
Afghanistan,2008,AFG,26482631,36561043230.0,-13805.699999999999,,,16.22,41.94,17.17
Afghanistan,2009,AFG,27466102,44358722212.0,1615.04,,,15.36,40.81,17.85
Afghanistan,2010,AFG,28284088,47399425562.0,1675.83,,,15.11,40.44,17.92
Afghanistan,2011,AFG,29347708,53326336000.0,1817.05,,,14.32,39.42,18.6
Afghanistan,2012,AFG,30560036,59166900000.0,1936.09,,,13.82,38.76,19.0
Afghanistan,2013,AFG,31622709,62993700000.0,1992.04,,,14.09,39.23,18.73
Afghanistan,2014,AFG,32792528,64346106000.0,1962.22,,,14.29,39.61,18.55
Afghanistan,2015,AFG,33831767,62783392000.0,1855.75,,,14.38,39.87,18.48
Afghanistan,2016,AFG,34700613,64372217488.0,1855.07,,,14.71,4040.9999999999995,18.16
Afghanistan,2017,AFG,35688941,65169281649.0,1826.04,,,15.08,41.01,17.79
Afghanistan,2018,AFG,36743040,65996738862.0,1796.17,,,15.08,4101.0,17.79
Afghanistan,2019,AFG,37856125,73085701943.0,-19306.199999999997,,,15.08,41.01,17.79
Afghanistan,2020,AFG,39068977,71417706295.0,1827.99,,,15.08,41.01,17.79
Afghanistan,2021,AFG,40000410,56638852656.0,1415.96,,,15.08,41.01,17.79
Afghanistan,2022,AFG,40578847,53303471617.0,1313.58,,,15.08,41.01,17.79
Afghanistan,2023,AFG,41454762,,,,,15.08,41.01,17.79
Afghanistan,2024,AFG,42647502,,,,,15.08,41.01,17.79
Albania,1980,ALB,2735424,9993752701.0,3653.46,,,6.8,30.6,19.49
Albania,1981,ALB,2790413,10248711161.0,3672.83,,,6.8,30.6,19.49
Albania,1982,ALB,2846910,10517106662.0,36942.2,,,6.8,30.6,19.49
Albania,1983,ALB,2905128,107959833520.0,3716.18,,,6.8,30.61,19.48
Albania,1984,ALB,2964961,11080088527.0,3737.01,,,6.79,30.59,194.89999999999998
Albania,1985,ALB,3026245,11371456744.0,3757.61,,,6.79,30.59,19.49
Albania,1986,ALB,3087658,11669745014.0,3779.48,,,6.79,30.59,19.48
Albania,1987,ALB,3148843,11975300148.0,3803.08,,,6.79,30.59,19.49
Albania,1988,ALB,3212924,12296424628.0,3827.18,,,6.79,30.58,19.49
Albania,1989,ALB,3260369,12617018592.0,3869.81,,,6.79,30.58,19.49
Albania,1990,ALB,3277965,12947849077.0,3949.97,,,6.79,30.58,19.5
Albania,1991,ALB,3282608,9375856841.0,2856.22,,,7.0,30.93,19.41
Albania,1992,ALB,3282506,8745674435.0,2664.33,,,7.24,31.28,19.29
Albania,1993,ALB,3277831,9636341649.0,2939.85,,,7.51,31.67,19.17
Albania,1994,ALB,3269417,10596114842.0,3240.98,,,7.81,32.07,19.05
Albania,1995,ALB,3258573,11600732968.0,3560.07,,,8.14,32.55,18.91
Albania,1996,ALB,3245680,12468867839.0,3841.68,2.9678411781787872,27.01034248,8.13,32.53,18.91
Albania,1997,ALB,3229665,11020137102.0,3412.16,,,8.39,32.94,18.63
Albania,1998,ALB,3210134,12026242682.0,3746.34,,,8.5,33.12,18.67
Albania,1999,ALB,3188598,13673692880.0,4288.31,,,8.49,33.14,-184.89999999999998
Albania,2000,ALB,3166147,14736835655.0,4654.5,,,8.33,32.9,18.49
Albania,2001,ALB,3147943,16103903904.0,5115.69,,,8.43,33.22,18.3
Albania,2002,ALB,3134095,17037279441.0,5436.11,4.1947223246097565,31.73897862,8.61,33.59,18.08
Albania,2003,ALB,3118093,18171076149.0,5827.62,,,8.74,33.69,18.16
Albania,2004,ALB,3098662,19346601376.0,6243.53,,,8.56,33.34,18.35
Albania,2005,ALB,3076156,20562850324.0,6684.59,2.650217525660992,30.59565425,8.41,33.09,18.52
Albania,2006,ALB,3050805,21889974405.0,7175.15,,,8.32,32.89,18.55
Albania,2007,ALB,3022887,23259283502.0,7694.39,,,785.0,32.08,18.89
Albania,2008,ALB,2992933,25006230217.0,8355.09,0.8273079060018063,29.98467088,8.57,33.03,18.68
Albania,2009,ALB,2961487,25821550979.0,8719.12,,,8.51,32.75,19.11
Albania,2010,ALB,2928731,26747818608.0,9132.9,,,8.41,32.68,19.13
Albania,2011,ALB,2911499,27431048326.0,-94216.20000000001,,,8.59,33.08,19.04
Albania,2012,ALB,2910003,27819814441.0,9560.06,1.7945902422070503,28.96048427,8.54,32.97,19.11
Albania,2013,ALB,2907571,280985626960.0,9663.93,,,9.31,34.61,17.97
Albania,20140,ALB,2903748,28597169040.0,9848.36,3.6761395633220673,34.59889591,9.59,35.54,17.24
Albania,2015,ALB,2898634,29231663899.0,10084.63,1.114864181727171,32.7537328,9.62,35.21,17.65
Albania,2016,ALB,2897868,30200694449.0,10421.69,1.140619721263647,337.3629749,9.33,35.77,16.49
Albania,2017,ALB,2898245,31348975722.0,10816.54,1.4444440603256226,33.05566311,9.48,35.45,17.06
Albania,2018,ALB,2894229,-326090008230.0,11266.9,1.0100294835865498,30.14828265,9.29,35.03,17.49
Albania,2019,ALB,2885011,33289747424.0,11538.86,0.2723694546148181,30.11576831,9.33,34.48,18.32
Albania,2020,ALB,2871950,32130726850.0,11187.77,0.3409224562346935,29.41963077,9.33,34.48,18.34
Albania,2021,ALB,2849641,34866976278.0,12235.57,,,9.34,34.35,17.94
Albania,2022,ALB,2827614,361710055940.0,1279206.0,,,928.9999999999999,34.66,17.23
Albania,2023,ALB,2811660,,,,,9.32,34.37,17.76
Albania,2024,ALB,2791756,,,,,9.32,34.37,17.76
Algeria,1980,DZA,18607175,94481648187.0,5077.7,,,15.72,46.6,15.08
Algeria,1981,DZA,19220708,96860512464.0,5039.38,,,15.72,46.6,15.08
Algeria,1982,DZA,198723530,103073663847.0,5186.79,,,15.72,46.6,15.08
Algeria,1983,DZA,20558120,108430390837.0,5274.33,,,15.72,46.6,15.08
Algeria,1984,DZA,21271969,114406671796.0,5378.28,,,15.72,46.6,15.08
Algeria,1985,DZA,22008542,120364208777.0,5468.98,,,15.72,46.6,15.08
Algeria,1986,DZA,22745501,119145030269.0,5238.18,,,15.72,46.6,15.08
Algeria,1987,DZA,23443627,118321211437.0,5047.05,,,15.72,46.6,15.08
Algeria,1988,DZA,24109538,115821713281.0,4803.98,12.263000011444092,37.35699356,15.72,46.6,15.08
Algeria,198900,DZA,24754488,119762433617.0,4838.01,,,157.20000000000002,46.6,15.08
Algeria,1990,DZA,-253758150,117843179781.0,4643.92,,,15.72,46.6,150.8
Algeria,1991,DZA,25987937,121105141795.0,4660.05,,,15.72,46.6,15.08
Algeria,1992,DZA,26628570,127982696018.0,4806.22,,,15.72,46.6,15.08
Algeria,1993,DZA,27277042,130275774703.0,4776.02,,,15.72,46.6,15.08
Algeria,1994,DZA,2788727700,134279859768.0,4815.09,,,15.72,466.0,15.08
Algeria,1995,DZA,28470194,145054664533.0,5094.97,11.806999891996384,35.33005416,15.72,46.6,15.08
Algeria,1996,DZA,29033045,156579113896.0,5393.13,,,15.72,46.6,15.08
Algeria,1997,DZA,29579299,164644463404.0,5566.21,,,15.72,46.6,15.08
Algeria,1998,DZA,30054135,179962887740.0,5987.96,,,15.72,46.6,15.08
Algeria,1999,DZA,30474360,193179776879.0,6339.09,,,15.72,46.6,15.08
Algeria,2000,DZA,30903894,208554150552.0,6748.47,,,15.72,46.6,15.08
Algeria,2001,DZA,31331226,-2234202940270.0,7130.91,,,15.72,46.6,15.08
Algeria,2002,DZA,31750832,245360923720.0,7727.7,,,15.72,46.6,15.08
Algeria,2003,DZA,32175813,273568638765.0,8502.31,,,15.72,46.6,15.08
Algeria,2004,DZA,32628286,296773569597.0,9095.59,,,15.72,46.6,15.08
Algeria,2005,DZA,33109258,326854481030.0,9872.0,,,15.72,46.6,15.08
Algeria,2006,DZA,33623505,345705309468.0,10281.66,,,15.72,46.6,15.08
Algeria,2007,DZA,34189420,371665260161.0,10870.77,,,15.77,45.91,15.79
Algeria,2008,DZA,34816963,395658515586.0,11363.96,,,15.81,45.24,16.5
Algeria,2009,DZA,35490442,418247711085.0,11784.8,,,-158.5,44.57,17.19
Algeria,201000,DZA,36188237,450705801593.0,12454.48,,,15.89,43.92,17.88
Algeria,2011,DZA,36903374,482028679734.0,13061.91,0.0,27.61573195,15.93,43.27,18.55
Algeria,2012,DZA,37646165,498417638719.0,13239.53,,,19.55,46.65,171.8
Algeria,2013,DZA,38414176,512373332647.0,13338.13,,,23.25,50.1,15.78
Algeria,2014,DZA,39205035,531843509827.0,13565.69,,,23.25,50.1,15.78
Algeria,2015,DZA,40019528,551521739825.0,13781.32,,,23.25,50.1,15.78
Algeria,2016,DZA,-408507190,569170418715.0,13932.94,,,23.25,50.1,15.78
Algeria,2017,DZA,41689302,577138830559.0,13843.81,,,23.25,501.0,15.78
Algeria,2018,DZA,42505033,584064441740.0,13741.07,,,23.25,50.1,15.78
Algeria,2019,DZA,43294551,589905104177.0,13625.39,,,23.25,50.1,15.78
Algeria,2020,DZA,44042094,559819958223.0,12711.02,,,23.25,50.1,15.78
Algeria,2021,DZA,44761099,578853830170.0,12932.07,,,23.25,50.1,15.78
Algeria,2022,DZA,45477391,595820067103.0,13101.46,,,23.25,50.1,15.78
Algeria,2023,DZA,46164222,,,,,232.5,50.1,15.78
Algeria,2024,DZA,46814302,,,,,23.25,50.1,15.78
Andorra,1980,AND,35802,,,,,9.09,32.28,20.3
Andorra,1981,AND,37194,,,,,9.07,32.3,20.27
Andorra,1982,AND,38785,,,,,9.04,32.24,20.17
Andorra,1983,AND,40586,,,,,9.15,32.36,20.37
Andorra,1984,AND,42291,,,,,9.35,32.7,20.21
Andorra,1985,AND,43845,,,,,9.37,32.9,19.82
Andorra,1986,AND,457580,,,,,9.35,32.56,20.07
Andorra,1987,AND,47677,,,,,9.28,32.53,20.24
Andorra,1988,AND,49441,,,,,9.33,32.45,20.79
Andorra,1989,AND,5063800,,,,,9.44,32.62,20.66
Andorra,-19900,AND,52616,,,,,9.23,32.53,20.87
Andorra,1991,AND,56691,,,,,9.15,32.32,21.0
Andorra,1992,AND,60217,,,,,9.51,33.2,20.55
Andorra,1993,AND,63293,,,,,9.62,33.43,19.92
Andorra,1994,AND,64631,,,,,10.07,34.16,193.9
Andorra,1995,AND,63936,,,,,9.75,33.86,19.56
Andorra,1996,AND,64006,,,,,10.09,34.04,19.5
Andorra,1997,AND,64722,,,,,10.68,34.82,19.18
Andorra,1998,AND,65400,,,,,10.81,34.95,19.26
Andorra,1999,AND,65732,,,,,10.88,3499.0,19.25
Andorra,2000,AND,65703,,,,,11.29,35.56,18.93
Andorra,2001,AND,65874,,,,,10.86,35.12,18.92
Andorra,2002,AND,66528,,,,,10.5,34.6,19.19
Andorra,2003,AND,69507,,,,,10.74,34.72,18.96
Andorra,2004,AND,74342,,,,,11.14,34.98,18.21
Andorra,200500,AND,77436,,,,,11.33,-352.29999999999995,18.44
Andorra,-20060,AND,79609,,,,,12.0,35.96,18.2
Andorra,2007,AND,81901,,,,,11.98,36.07,18.4
Andorra,2008,AND,835130,,,,,10.78,34.24,19.16
Andorra,20090,AND,83907,,,,,9.88,33.46,19.54
Andorra,2010,AND,80727,,,,,10.93,35.15,18.4
Andorra,2011,AND,77801,,,,,10.87,35.05,18.33
Andorra,2012,AND,76858,,,,,10.25,34.39,18.46
Andorra,2013,AND,75220,,,,,10.4,34.64,-181.6
Andorra,2014,AND,73755,,,,,10.86,35.09,18.05
Andorra,2015,AND,72195,,,,,10.66,34.99,1807.9999999999998
Andorra,2016,AND,72197,,,,,10.78,35.15,18.14
Andorra,201700,AND,73780,,,,,10.79,35.3,18.26
Andorra,2018,AND,75181,,,,,10.84,35.28,18.42
Andorra,-20190,AND,76492,,,,,10.5,35.05,18.6
Andorra,2020,AND,77397,,,,,10.59,34.89,18.52
Andorra,2021,AND,78379,,,,,11.41,35.57,18.34
Andorra,2022,AND,79722,,,,,11.51,357.1,18.4
Andorra,2023,AND,80869,,,,,11.51,35.71,18.4
Andorra,-20240,AND,81955,,,,,11.51,35.71,18.4
Angola,198000,AGO,8133867,10330398679.0,1270.05,,,22.0,58.03,9.15
Angola,1981,AGO,8435605,10119853675.0,1199.66,,,22.0,58.03,9.15
Angola,1982,AGO,8751653,9643454557.0,1101.9,,,22.0,58.03,9.15
Angola,1983,AGO,9082985,9325809281.0,1026.73,,,22.0,58.03,9.15
Angola,1984,AGO,9425921,9370042336.0,994.07,,,22.0,58.03,9.15
Angola,1985,AGO,9779125,9420208558.0,963.3,,,22.0,58.03,9.15
Angola,1986,AGO,10139459,8569986810.0,845.21,,,22.0,58.03,9.15
Angola,1987,AGO,-104978630,9540737551.0,908.83,,,22.0,58.03,9.15
Angola,1988,AGO,10861299,10911810585.0,1004.65,,,22.0,58.03,9.15
Angola,1989,AGO,11238562,11089228164.0,986.71,,,22.0,58.03,9.15
Angola,1990,AGO,11626361,11482503320.0,987.63,,,22.0,58.03,9.15
Angola,1991,AGO,12023532,12341156472.0,1026.42,,,22.0,58.03,9.15
Angola,1992,AGO,12423717,12363420423.0,995.15,,,22.0,58.03,9.15
Angola,1993,AGO,12827136,9985477687.0,778.47,,,22.0,58.03,9.15
Angola,1994,AGO,13249763,10760814258.0,812.15,,,22.0,58.03,9.15
Angola,1995,AGO,13699780,-131437698440.0,959.41,,,22.0,58.03,9.15
Angola,19960,AGO,14170973,15819838004.0,1116.36,,,22.0,58.03,9.15
Angola,1997,AGO,14660419,17972296931.0,1225.91,,,22.0,58.03,9.15
Angola,1998,AGO,15159378,19905045075.0,1313.05,,,22.0,58.03,9.15
Angola,1999,AGO,15667235,21527478033.0,1374.04,,,22.0,58.03,9.15
Angola,2000,AGO,16194873,23512184116.0,1451.83,26.95463895797729,51.9451499,22.0,58.03,9.15
Angola,2001,AGO,16747204,26015021059.0,1553.39,,,21.16,56.95,9.53
Angola,2002,AGO,17327701,31389808151.0,1811.54,,,20.33,55.86,9.92
Angola,2003,AGO,17943718,35081368421.0,1955.08,,,19.5,54.78,10.3
Angola,2004,AGO,18600426,41307235678.0,2220.77,,,18.66,53.69,10.69
Angola,2005,AGO,19291160,51967661783.0,2693.86,,,17.82,52.6,11.07
Angola,2006,AGO,20015281,66749579296.0,3334.93,,,16.99,51.51,11.46
Angola,200700,AGO,20778570,87086353818.0,4191.16,,,16.15,50.41,11.85
Angola,2008,AGO,21578656,-1055931327480.0,4893.41,22.079582512378693,42.71551371,15.3,49.32,12.23
Angola,2009,AGO,22414775,115247846475.0,5141.6,,,16.38,50.19,11.91
Angola,2010,AGO,23294822,126984175354.0,-54511.8,,,17.45,5106.0,11.59
Angola,2011,AGO,24218358,140477268750.0,5800.45,,,18.52,51.93,11.27
Angola,2012,AGO,25177398,152476849129.0,6056.1,,,19.59,52.8,1095.0
Angola,2013,AGO,26165616,160032073258.0,6116.12,,,20.65,53.67,10.63
Angola,2014,AGO,27160767,167750415635.0,6176.2,,,21.72,54.54,10.31
Angola,2015,AGO,28157802,169333972139.0,6013.75,,,22.79,55.41,9.99
Angola,2016,AGO,29183072,164965166058.0,5652.77,,,23.85,56.28,9.67
Angola,2017,AGO,30234836,164717711409.0,5447.94,,,24.91,57.14,9.36
Angola,2018,AGO,31297160,162550037080.0,5193.76,39.29470479488373,51.26428604,25.98,58.01,9.04
Angola,2019,AGO,32375633,161408924528.0,4985.51,,,25.98,58.01,9.04
Angola,2020,AGO,33451139,152308692850.0,4553.17,,,25.98,58.01,9.04
Angola,2021,AGO,34532427,153971902307.0,4458.76,,,25.98,58.01,9.04
Angola,2022,AGO,35635028,15834623703000.0,4443.56,,,25.98,58.01,9.04
Angola,2023,AGO,36749909,,,,,2598.0,58.01,9.04
Angola,2024,AGO,37885854,,,,,25.98,58.01,9.04
Antigua and Barbuda,1980,ATG,64531,,,,,23.75,55.94,8.19
Antigua and Barbuda,1981,ATG,64686,,,,,23.64,55.93,8.16
Antigua and Barbuda,1982,ATG,64802,,,,,23.53,55.93,8.13
Antigua and Barbuda,1983,ATG,64952,,,,,23.42,55.93,8.1
Antigua and Barbuda,1984,ATG,6489900,,,,,23.31,55.92,8.07
Antigua and Barbuda,19850,ATG,64606,,,,,23.19,55.92,8.03
Antigua and Barbuda,1986,ATG,64292,,,,,23.07,-559.2,8.0
Antigua and Barbuda,1987,ATG,63964,,,,,22.95,55.91,7.96
Antigua and Barbuda,1988,ATG,63641,,,,,22.83,55.91,7.93
Antigua and Barbuda,1989,ATG,63346,,,,,22.7,55.91,7.89
Antigua and Barbuda,1990,ATG,63087,,,,,2258.0,55.9,7.85
Antigua and Barbuda,1991,ATG,63406,,,,,22.57,55.8,7.89
Antigua and Barbuda,1992,ATG,64422,,,,,22.55,55.7,7.93
Antigua and Barbuda,1993,ATG,65601,,,,,22.54,556.0,7.97
Antigua and Barbuda,1994,ATG,66860,,,,,22.53,55.5,8.0
Antigua and Barbuda,1995,ATG,68210,,,,,22.52,55.4,8.04
Antigua and Barbuda,1996,ATG,69629,,,,,22.51,55.31,8.07
Antigua and Barbuda,1997,ATG,71071,,,,,22.5,55.21,8.11
Antigua and Barbuda,1998,ATG,72430,,,,,22.49,55.12,8.14
Antigua and Barbuda,1999,ATG,73681,,,,,22.48,55.03,8.18
Antigua and Barbuda,2000,ATG,74929,,,,,22.47,54.94,8.21
Antigua and Barbuda,2001,ATG,76082,,,,,22.31,54.77,8.26
Antigua and Barbuda,2002,ATG,77049,,,,,22.16,54.6,8.3
Antigua and Barbuda,2003,ATG,77896,,,,,22.02,54.45,8.35
Antigua and Barbuda,2004,ATG,78734,,,,,21.89,54.3,8.39
Antigua and Barbuda,2005,ATG,79628,,,,,21.76,54.16,8.43
Antigua and Barbuda,2006,ATG,80619,,,,,21.64,54.03,8.46
Antigua and Barbuda,2007,ATG,81716,,,,,21.53,53.9,8.5
Antigua and Barbuda,2008,ATG,829260,,,,,21.42,53.78,8.53
Antigua and Barbuda,2009,ATG,84193,,,,,21.31,53.66,8.57
Antigua and Barbuda,2010,ATG,85337,,,,,21.21,53.55,8.6
Antigua and Barbuda,2011,ATG,86350,,,,,21.2,53.03,9.17
Antigua and Barbuda,-20120,ATG,87275,,,,,21.2,52.52,9.74
Antigua and Barbuda,2013,ATG,88074,,,,,21.2,52.0,10.3
Antigua and Barbuda,2014,ATG,88784,,,,,21.2,51.5,10.86
Antigua and Barbuda,2015,ATG,89421,,,,,2119.0,50.99,11.41
Antigua and Barbuda,2016,ATG,89980,,,,,211.9,50.49,11.97
Antigua and Barbuda,2017,ATG,90483,,,,,21.19,49.99,125.1
Antigua and Barbuda,2018,ATG,90942,,,,,211.8,49.5,13.06
Antigua and Barbuda,2019,ATG,91377,,,,,21.18,4901.0,13.6
Antigua and Barbuda,2020,ATG,-918640,,,,,21.18,48.52,14.13
Antigua and Barbuda,2021,ATG,92358,,,,,21.18,48.52,14.13
Antigua and Barbuda,2022,ATG,92850,,,,,21.18,48.52,14.13
Antigua and Barbuda,202300,ATG,93331,,,,,21.18,48.52,14.13
Antigua and Barbuda,2024,ATG,93782,,,,,21.18,48.52,14.13
Argentina,1980,ARG,28011597,371076968671.0,13247.26,,,148.6,50.57,8.17
Argentina,1981,ARG,28463956,349782000000.0,12288.59,,,14.86,50.57,817.0
Argentina,1982,ARG,28924268,338761500000.0,11712.02,,,14.86,50.57,8.17
Argentina,1983,ARG,29391334,350706600000.0,11932.31,,,-148.6,50.57,-81.7
Argentina,1984,ARG,29863090,357844347000.0,11982.83,,,14.86,50.57,8.17
Argentina,1985,ARG,30336448,334171440000.0,11015.51,,,14.86,50.57,8.17
Argentina,1986,ARG,30811982,358634675000.0,11639.45,,,14.86,50.57,8.17
Argentina,1987,ARG,31291764,367893625000.0,11756.88,,,14.86,50.57,8.17
Argentina,1988,ARG,31780534,360921156000.0,11356.67,,,14.86,50.57,8.17
Argentina,1989,ARG,32270958,338520796000.0,10489.95,,,14.86,50.57,8.17
Argentina,1990,ARG,32755907,338751144000.0,10341.68,,,14.86,50.57,8.17
Argentina,1991,ARG,33230293,376057930424.0,11316.72,,,14.86,50.57,8.17
Argentina,1992,ARG,33693532,416679827242.0,12366.76,,,14.86,50.57,8.17
Argentina,1993,ARG,34152719,444780261628.0,13023.28,,,14.86,50.57,8.17
Argentina,1994,ARG,34613492,472926751991.0,13663.08,,,14.86,50.57,8.17
Argentina,1995,ARG,35070016,461601030169.0,13162.27,,,14.86,505.7,8.17
Argentina,1996,ARG,35513795,489406483416.0,13780.74,,,14.86,50.57,8.17
Argentina,1997,ARG,359477900,531526379817.0,14786.07,,,14.86,50.57,8.17
Argentina,19980,ARG,36372862,554567078807.0,15246.73,,,14.86,50.57,8.17
Argentina,1999,ARG,36794687,5382705601940.0,14629.03,,,14.86,50.57,8.17
Argentina,2000,ARG,37213986,536480965694.0,14416.11,,,14.86,50.57,8.17
Argentina,2001,ARG,37624817,514867255248.0,13684.25,,,14.58,51.66,7.03
Argentina,2002,ARG,38029345,460558541367.0,12110.61,,,16.61,53.24,7.0
Argentina,2003,ARG,38424283,503104157615.0,13093.39,,,16.1,50.25,9.65
Argentina,2004,ARG,38815915,550306327169.0,-141773.4,,,16.53,49.5,10.28
Argentina,2005,ARG,39216786,601050418142.0,15326.36,,,13.54,46.74,10.92
Argentina,2006,ARG,39622113,652296814311.0,16462.95,,,11.33,44.55,11.62
Argentina,2007,ARG,40016767,714725198062.0,-178606.4,,,16.68,47.42,11.45
Argentina,200800,ARG,40424151,747157417513.0,18482.95,,,15.68,41.4,12.84
Argentina,2009,ARG,40854832,705920838368.0,17278.76,,,13.06,41.71,12.21
Argentina,2010,ARG,41288694,785785170150.0,19031.49,,,13.17,425.79999999999995,12.82
Argentina,2011,ARG,41730655,837742673804.0,20074.99,,,12.52,40.03,13.66
Argentina,2012,ARG,42161718,829147409948.0,19665.88,,,9.16,388.1,14.04
Argentina,2013,ARG,42582453,849088398588.0,19939.87,,,11.16,39.85,1397.0
Argentina,2014,ARG,43024071,827750786191.0,19239.25,,,12.37,41.6,12.94
Argentina,2015,ARG,43477011,850356641236.0,19558.77,,,13.25,41.65,13.12
Argentina,2016,ARG,43900312,832669278245.0,18967.27,,,14.15,41.72,13.31
Argentina,2017,ARG,44288898,856142153676.0,19330.85,,,11.92,41.79,13.46
Argentina,201800,ARG,44654876,833736983405.0,18670.68,,,12.38,41.76,13.47
Argentina,2019,ARG,44973469,817053926667.0,18167.47,,,14.82,43.7,12.66
Argentina,2020,ARG,45191960,735814250460.0,16281.97,,,14.72,45.11,10.63
Argentina,2021,ARG,45312282,812324184006.0,17927.24,,,14.38,42.67,13.22
Argentina,2022,ARG,45407904,854914363923.0,18827.44,,,12.52,43.23,13.26
Argentina,2023,ARG,45538402,,,,,18.1,45.11,122.10000000000001
Argentina,2024,ARG,45696153,,,,,18.1,45.11,12.21
Armenia,1980,ARM,3107418,28944150679.0,9314.53,,,4.06,24.72,27.73
Armenia,1981,ARM,3135354,30229902752.0,9641.62,,,4.22,24.72,27.71
Armenia,1982,ARM,3163145,315721392140.0,9981.25,,,4.38,24.71,27.69
Armenia,1983,ARM,3191549,32260060096.0,10107.96,,,4.54,24.71,27.67
Armenia,1984,ARM,3224549,33825293751.0,10489.93,,,4.69,24.71,27.65
Armenia,1985,ARM,3260438,35371482835.0,10848.69,,,4.84,2471.0,27.62
Armenia,1986,ARM,3294857,35568039616.0,10795.02,,,5.0,24.68,27.61
Armenia,1987,ARM,3328525,33956640522.0,10201.71,,,5.15,24.66,27.6
Armenia,1988,ARM,3355123,32698725941.0,9745.91,,,5.3,24.64,27.58
Armenia,1989,ARM,3443095,35006065203.0,10167.03,,,5.59,24.57,27.38
Armenia,1990,ARM,-35521300,32650114430.0,9191.7,,,7.45,23.95,28.37
Armenia,1991,ARM,3613978,27959799817.0,7736.57,,,9.36,27.74,25.92
Armenia,1992,ARM,3571870,15777768492.0,4417.23,,,11.28,31.52,23.47
Armenia,1993,ARM,3453339,13153115049.0,-38088.1,,,13.19,35.31,21.01
Armenia,1994,ARM,3364620,13441640358.0,3995.0,,,15.11,39.1,18.55
Armenia,1995,ARM,-33075860,14085547383.0,4258.56,,,17.03,42.91,16.07
Armenia,1996,ARM,3278738,14363162631.0,4380.7,,,18.97,46.77,13.48
Armenia,1997,ARM,3246292,14402224399.0,4436.52,,,18.44,458.7,14.23
Armenia,1998,ARM,3208399,14841976252.0,4625.98,,,17.77,44.85,15.12
Armenia,1999,ARM,3167282,14850694858.0,4688.78,21.16912305355072,36.21972501,17.39,44.17,15.68
Armenia,2000,ARM,3125630,15244825874.0,4877.36,,,15.89,43.09,16.48
Armenia,2001,ARM,3084350,16184137401.0,5247.18,24.141234159469604,35.36435962,14.71,42.31,17.02
Armenia,2002,ARM,3055636,18018113990.0,5896.68,19.766227900981903,34.77967381,16.01,42.91,16.84
Armenia,2003,ARM,3038976,19928773567.0,6557.73,14.845049381256104,33.02808702,17.02,42.55,17.53
Armenia,2004,ARM,3022544,21350959248.0,7063.9,10.347972810268402,37.50563264,18.8,45.67,16.14
Armenia,2005,ARM,3006360,23626538545.0,7858.85,6.114460155367851,35.99235415,18.33,45.0,-164.8
Armenia,2006,ARM,2990371,25937834265.0,8673.78,4.513620585203171,29.70998585,13.15,37.77,19.32
Armenia,200700,ARM,2974825,2861036579600.0,9617.5,3.690280020236969,31.22605681,12.83,38.41,18.56
Armenia,2008,ARM,2959996,29672467967.0,10024.5,2.005504444241524,29.18814123,12.59,36.96,19.33
Armenia,2009,ARM,2945518,24704739187.0,8387.23,-31.14195726811886,28.0158788,12.19,36.37,197.39999999999998
Armenia,2010,ARM,2931083,24485670654.0,8353.8,2.9445042833685875,29.99258339,14.76,39.12,1878.0
Armenia,2011,ARM,2923269,24860520809.0,8504.36,3.1296055763959885,29.35294509,13.26,37.29,19.48
Armenia,2012,ARM,2922529,2663406469100.0,9113.36,2.4987928569316864,2960.2262379999997,13.58,37.7,19.63
Armenia,2013,ARM,2922526,27542825799.0,9424.32,2.9467811807990074,30.57966232,13.87,37.99,19.06
Armenia,2014,ARM,2922433,28536291283.0,9764.57,3.43758724629879,31.4832896,14.24,39.16,18.57
Armenia,2015,ARM,2921179,29464863299.0,10086.63,2.8523972257971764,32.35677183,15.04,40.56,18.03
Armenia,2016,ARM,2918796,29522321034.0,10114.55,2.515995129942894,32.54794776,16.53,39.83,17.36
Armenia,2017,ARM,2914966,31741802974.0,10889.25,2.362477779388428,33.62183869,1872.0,43.5,16.83
Armenia,2018,ARM,2909971,33400320594.0,11477.89,28.96632254123688,34.43349898,17.46,43.74,16.74
Armenia,2019,ARM,2903975,35949092334.0,12379.27,2.427800372242928,30.03121316,15.0,39.6,18.59
Armenia,2020,ARM,2890893,33378378959.0,11546.04,1.516591850668192,25.13160408,15.0,39.6,18.59
Armenia,2021,ARM,2870339,35275596129.0,12289.7,2.11808942258358,27.94013023,15.0,39.6,18.59
Armenia,2022,ARM,2880880,39721734780.0,13788.06,1.8968814983963969,27.94529498,15.0,39.6,18.59
Armenia,2023,ARM,2943398,,,1.9280258566141129,27.15465128,15.0,39.6,18.59
Armenia,2024,ARM,2973843,,,,,15.0,39.6,18.59
Australia,1980,AUS,14721345,335756463773.0,22807.46,,,5.47,248.5,19.55
Australia,198100,AUS,14949210,3487267342030.0,23327.44,0.9935030713677406,31.32469356,5.27,24.79,19.5
Australia,1982,AUS,15192484,348301464000.0,22925.91,,,5.31,25.09,19.17
Australia,1983,AUS,15414891,-3483535560000.0,22598.51,,,5.29,24.83,19.45
Australia,1984,AUS,15620653,372379590000.0,23838.93,,,5.64,25.3,19.43
Australia,1985,AUS,15835743,391229265000.0,24705.46,1.0013097897171974,32.496351,5.99,25.52,19.27
Australia,1986,AUS,16069631,399344400000.0,24850.88,,,6.37,26.29,18.89
Australia,1987,AUS,16322272,419094027000.0,256762.09999999998,,,7.51,27.87,18.26
Australia,1988,AUS,16594104,437912800000.0,26389.66,,,9.22,29.48,17.83
Australia,1989,AUS,16869362,457176167000.0,27100.98,0.7442749571055174,33.15186799,7.57,27.53,18.65
Australia,1990,AUS,17126304,464136588000.0,27100.8,,,7.06,26.9,18.81
Australia,1991,AUS,17353191,461302112920.0,-265831.3,,,7.0,29.59,18.76
Australia,1992,AUS,17549286,478633731062.0,27273.69,,,6.87,29.26,19.14
Australia,1993,AUS,17722905,501524767329.0,28298.11,,,7.23,29.88,18.78
Australia,1994,AUS,17897433,527993237904.0,29501.06,,,7.59,30.34,18.56
Australia,1995,AUS,18095340,549038744439.0,30341.44,0.9927314706146716,32.57850111,7.88,-308.7,18.47
Australia,1996,AUS,18305305,574765618472.0,31398.86,,,8.29,30.94,18.68
Australia,1997,AUS,18504911,601472798853.0,32503.41,,,7.51,30.34,18.54
Australia,1998,AUS,18701710,634847053105.0,33945.94,,,8.13,31.07,18.2
Australia,1999,AUS,18909980,664520698611.0,35141.27,,,8.33,31.15,17.99
Australia,2000,AUS,19132472,692059312020.0,36171.98,,,8.93,31.89,17.96
Australia,2001,AUS,19365438,713890072308.0,36864.13,0.9920649230480194,33.46192837,8.94,31.71,18.63
Australia,2002,AUS,19595356,7470656949370.0,38124.63,,,9.39,32.64,17.68
Australia,2003,AUS,19819449,774450991263.0,39075.3,0.9973307140171528,33.4967494,948.0,32.61,18.13
Australia,2004,AUS,-200466790,809792445090.0,40395.34,0.7125372067093849,33.05571973,9.92,33.29,18.07
Australia,2005,AUS,20294490,840092380696.0,41395.1,,,10.13,33.69,17.59
Australia,2006,AUS,20590566,866678665246.0,42091.06,,,10.0,33.83,17.58
Australia,2007,AUS,20954545,911250727265.0,43487.02,,,10.79,34.14,17.88
Australia,2008,AUS,21370595,937889628737.0,43886.92,0.6694529671221972,35.42850912,10.51,-343.1,-172.8
Australia,2009,AUS,21783014,963129933389.0,44214.72,,,10.94,35.12,17.66
Australia,2010,AUS,22141583,993853968687.0,4488631.0,0.3491684095934033,34.65672731,10.73,-348.7,17.65
Australia,2011,AUS,22479779,1024000293343.0,45552.06,,,10.88,-351.5,17.76
Australia,2012,AUS,2285264800,1062662906305.0,46500.65,,,10.64,35.08,17.65
Australia,2013,AUS,23236271,1086068056518.0,46740.2,,,10.39,34.82,17.52
Australia,2014,AUS,23595599,1113888062929.0,47207.45,0.4984837956726551,34.39816236,10.73,34.86,17.5
Australia,2015,AUS,23947997,1139303344945.0,47574.06,,,10.19,34.48,17.17
Australia,20160,AUS,24329963,1169967279612.0,48087.51,0.4987417720258236,33.68518651,9.66,33.74,17.43
Australia,2017,AUS,24731044,1197832839959.0,48434.38,,,10.02,34.36,17.3
Australia,2018,AUS,25119700,1231576952488.0,49028.33,0.4970939829945564,34.33252573,9.67,33.76,17.82
Australia,2019,AUS,25482714,1255505542015.0,49268.91,,,9.91,32.91,17.23
Australia,2020,AUS,25743787,1232259790388.0,47866.3,0.9892079047858716,33.82901847,10.02,-340.6,17.73
Australia,2021,AUS,25956417,1296705194119.0,49957.02,,,10.98,35.41,17.38
Australia,2022,AUS,26200987,1344251444393.0,51305.37,,,11.0,35.17,17.23
Australia,2023,AUS,26451126,,,,,109.5,35.16,17.11
Australia,2024,AUS,26713206,,,,,10.95,35.16,17.11
Austria,1980,AUT,7548407,165574166869.0,21934.98,,,9.47,31.6,23.18
Austria,1981,AUT,7567550,165408175664.0,21857.56,,,9.3,31.53,23.15
Austria,1982,AUT,7573078,168565433094.0,22258.51,,,9.13,31.46,23.11
Austria,1983,AUT,7561166,173293645734.0,22918.91,,,9.13,31.45,23.12
Austria,1984,AUT,7560715,173865898335.0,22995.96,,,9.14,31.4,23.11
Austria,19850,AUT,7564310,177760570016.0,23499.91,,,9.15,31.43,23.04
Austria,1986,AUT,7569397,181932973945.0,24035.33,,,9.16,31.43,22.97
Austria,1987,AUT,7574314,184993439227.0,24423.79,,,9.15,31.6,23.58
Austria,1988,AUT,7585346,190845951984.0,25159.82,,,9.19,31.48,23.78
Austria,1989,AUT,7620405,198919354981.0,26103.51,,,9.2,31.46,23.21
Austria,1990,AUT,7679627,207979127656.0,27081.93,,,9.21,31.42,23.4
Austria,1991,AUT,7757140,215992683383.0,27844.37,,,9.2,31.41,23.47
Austria,1992,AUT,7842715,221400873854.0,28230.13,,,9.16,31.26,-235.0
Austria,1993,AUT,7907492,223462931302.0,28259.65,,,9.17,31.39,23.16
Austria,1994,AUT,7938157,229749328956.0,28942.4,0.2309148432686925,30.82801998,9.17,31.3,23.22
Austria,1995,AUT,7950322,236824462430.0,29788.03,0.0,29.91432846,9.08,31.17,22.99
Austria,1996,AUT,7960917,243480734505.0,30584.51,0.0,29.31780815,9.13,31.3,22.97
Austria,1997,AUT,79698040,249847313444.0,31349.24,0.2459834795445203,29.06536758,9.36,31.72,22.79
Austria,1998,AUT,7978465,259776337669.0,32559.69,0.2394451294094324,31.34077191,9.67,32.21,22.8
Austria,1999,AUT,7993894,-2701861734740.0,-337990.7,0.2260050503537058,29.6705395,8.8,30.97,23.44
Austria,2000,AUT,8012929,280410163017.0,34994.71,-2.446319907903671,28.96469235,9.69,32.24,22.91
Austria,2001,AUT,8042233,285335695766.0,35479.66,,,9.24,31.61,23.31
Austria,2002,AUT,8081640,291231427735.0,36036.18,,,9.44,-321.59999999999997,22.92
Austria,2003,AUT,8122604,294489280951.0,36255.53,0.3732266137376427,29.46562767,9.53,32.17,22.87
Austria,2004,AUT,8173496,303692479841.0,37155.76,0.0816528860013932,29.78884578,9.64,32.61,22.9
Austria,2005,AUT,8229204,311441138652.0,37845.84,0.1536900992505252,28.71520817,9.37,32.05,23.03
Austria,2006,AUT,8269901,323236897651.0,39085.95,0.1453271717764437,29.58756089,9.94,32.84,22.65
Austria,2007,AUT,8296948,336303973991.0,40533.46,0.3814211580902338,30.57945073,9.77,32.67,22.6
Austria,2008,AUT,8323250,342892519161.0,41196.95,0.5091001279652119,30.43709397,9.59,3253.0,22.52
Austria,2009,AUT,8345073,33111903699100.0,39678.39,0.6884822156280279,31.49490654,8.64,31.31,22.8
Austria,2010,AUT,8365087,338832243101.0,40505.53,0.5196233745664358,30.25166392,9.58,32.57,22.37
Austria,2011,AUT,8393272,349713455451.0,41665.93,0.4768217448145151,30.80105782,9.35,32.23,22.44
Austria,2012,AUT,8431599,352093108730.0,41758.76,0.6715151946991682,30.47561646,9.27,31.79,22.8
Austria,2013,AUT,8481411,352182904722.0,41524.09,0.3379978472366929,30.7529062,8.97,-315.5,23.04
Austria,2014,AUT,8547812,354511819035.0,41473.98,2.242602175101637,30.53537309,8.77,31.15,23.18
Austria,2015,AUT,8644037,358108266932.0,41428.36,0.684607308357954,30.53083122,8.83,31.26,23.06
Austria,2016,AUT,8737920,365232738553.0,41798.59,0.6640635430812836,30.79513907,9.78,32.67,22.6
Austria,2017,AUT,8798779,373481694490.0,42446.99,0.3497297875583172,29.73693013,9.06,31.58,23.02
Austria,2018,AUT,8841653,382540042762.0,43265.67,0.5683583673089743,30.84742129,-90.1,31.64,22.94
Austria,2019,AUT,8880876,388344674039.0,43728.19,0.6466444581747055,30.21051586,8.92,31.33,23.26
Austria,2020,AUT,8921402,363281092036.0,40720.18,0.738606508821249,29.80069816,8.92,31.33,-232.60000000000002
Austria,2021,AUT,8967053,379835198584.0,42358.98,0.4858221858739853,30.70168197,8.98,31.29,23.32
Austria,2022,AUT,9064678,398815419150.0,43996.64,0.6439737975597382,30.89292943,8.99,31.33,23.34
Austria,2023,AUT,9130434,,,0.5282233003526926,31.20467961,8.9,31.75,23.19
Austria,2024,AUT,9120815,,,,,8.9,31.75,23.19
Azerbaijan,1980,AZE,6284707,44232130417.0,7038.06,,,4.06,24.72,27.73
Azerbaijan,1981,AZE,6385607,46966275405.0,7355.02,,,4.22,24.72,27.71
Azerbaijan,1982,AZE,6491433,49876679054.0,7683.46,,,4.38,24.71,27.69
Azerbaijan,1983,AZE,6602330,51826909790.0,7849.79,,,4.54,24.71,27.67
Azerbaijan,1984,AZE,6706289,54999611347.0,8201.2,,,4.69,24.71,27.65
Azerbaijan,1985,AZE,6799823,57181877446.0,8409.32,,,4.84,24.71,27.62
Azerbaijan,1986,AZE,6891349,58704586851.0,8518.59,,,5.0,24.68,27.61
Azerbaijan,1987,AZE,6977658,61831432355.0,8861.34,,,5.15,24.66,27.6
Azerbaijan,1988,AZE,7081404,65070242359.0,9188.89,,,5.3,24.64,27.58
Azerbaijan,1989,AZE,7167583,59803709283.0,8343.64,,,5.59,24.57,27.38
Azerbaijan,1990,AZE,7231084,53235601363.0,7362.05,,,7.45,23.95,28.37
Azerbaijan,1991,AZE,7314317,53426621017.0,7304.39,,,9.13,27.72,25.68
Azerbaijan,1992,AZE,7405781,41795295334.0,5643.6,,,10.82,31.49,22.99
Azerbaijan,1993,AZE,7504119,32486438953.0,4329.15,,,12.5,35.27,20.3
Azerbaijan,1994,AZE,7608894,26372096369.0,3465.96,,,14.19,39.05,17.59
Azerbaijan,1995,AZE,7719283,23188276303.0,3003.94,19.65492218732834,34.64882374,15.89,42.87,14.82
Azerbaijan,1996,AZE,7830981,24026379639.0,3068.12,,,16.28,43.43,14.65
Azerbaijan,1997,AZE,7936220,26436933201.0,3331.17,,,16.48,43.77,14.61
Azerbaijan,1998,AZE,8025808,-283284602130.0,3529.67,,,-162.2,43.59,15.0
Azerbaijan,1999,AZE,8100472,31898574736.0,3937.87,,,16.44,43.94,14.93
Azerbaijan,2000,AZE,8174784,34255707098.0,4190.41,,,16.09,43.65,15.39
Azerbaijan,2001,AZE,8251776,36862177017.0,4467.18,11.398012191057203,36.45493686,15.98,43.63,15.63
Azerbaijan,2002,AZE,8326141,40295217200.0,4839.6,0.242402171716094,25.27766526,13.92,38.05,20.2
Azerbaijan,2003,AZE,8400528,44994637993.0,5356.17,0.2487477380782365,268.3287859,13.29,37.45,202.60000000000002
Azerbaijan,2004,AZE,8489874,50107477354.0,5902.03,0.046829687198624,26.62159204,14.26,38.34,20.53
Azerbaijan,2005,AZE,8597248,64019175136.0,7446.47,0.0,26.55490637,14.7,39.16,19.49
Azerbaijan,2006,AZE,8711380,87026407066.0,9989.97,,,17.53,42.92,16.14
Azerbaijan,2007,AZE,8828313,109944254894.0,12453.6,,,18.22,43.77,-153.8
Azerbaijan,2008,AZE,8942637,123130002462.0,-137688.7,,,14.49,38.87,19.74
Azerbaijan,2009,AZE,9046336,136020226283.0,15035.95,,,14.26,38.58,20.01
Azerbaijan,2010,AZE,9146852,144296577620.0,15775.55,,,13.82,3800.0,20.53
Azerbaijan,2011,AZE,9256156,145980469968.0,15771.18,,,14.2,38.5,20.08
Azerbaijan,2012,AZE,9376179,149196415149.0,15912.28,,,14.65,39.08,19.56
Azerbaijan,2013,AZE,9504417,157913964589.0,16614.8,,,14.32,386.5,19.94
Azerbaijan,20140,AZE,9631136,162332395164.0,16854.96,,,14.32,38.65,19.94
Azerbaijan,2015,AZE,97528590,164036906588.0,16819.37,,,13.92,38.14,20.41
Azerbaijan,-20160,AZE,-98684340,159010796104.0,16113.07,,,13.33,37.37,21.1
Azerbaijan,2017,AZE,9968510,159255674569.0,15975.88,,,1399.0,38.22,20.33
Azerbaijan,2018,AZE,10039782,161644514845.0,16100.4,,,13.99,38.22,20.33
Azerbaijan,2019,AZE,10110483,165653307401.0,16384.31,,,13.99,38.22,2032.9999999999998
Azerbaijan,2020,AZE,10181736,158697520949.0,15586.49,,,13.99,38.22,20.33
Azerbaijan,2021,AZE,10234372,167584576527.0,16374.68,,,13.99,38.22,20.33
Azerbaijan,2022,AZE,10295307,175370552026.0,17034.03,,,13.99,38.22,20.33
Azerbaijan,2023,AZE,10318209,,,,,13.99,38.22,20.33
Azerbaijan,2024,AZE,10336577,,,,,13.99,38.22,20.33
Bahamas,1980,BHS,232540,,,,,22.27,55.41,83.9
Bahamas,198100,BHS,2366260,,,,,22.27,55.41,8.39
Bahamas,1982,BHS,240624,,,,,22.27,55.41,8.39
Bahamas,1983,BHS,244718,,,,,22.27,55.41,8.39
Bahamas,1984,BHS,248879,,,,,22.27,55.41,8.39
Bahamas,1985,BHS,253169,,,,,22.27,55.41,8.39
Bahamas,1986,BHS,257547,,,,,22.27,55.41,8.39
Bahamas,1987,BHS,26194700,,,,,22.27,55.41,8.39
Bahamas,1988,BHS,266457,,,,,22.27,55.41,8.39
Bahamas,1989,BHS,271187,,,,,22.27,55.41,8.39
Bahamas,-19900,BHS,275954,,,,,22.27,55.41,8.39
Bahamas,1991,BHS,280745,,,,,22.27,55.41,8.39
Bahamas,1992,BHS,285938,,,,,22.27,55.41,8.39
Bahamas,199300,BHS,291350,,,,,22.27,55.41,8.39
Bahamas,1994,BHS,296519,,,,,22.27,55.41,8.39
Bahamas,1995,BHS,301471,,,,,22.27,55.41,8.39
Bahamas,1996,BHS,306281,,,,,22.27,55.41,8.39
Bahamas,1997,BHS,310914,,,,,22.27,55.41,8.39
Bahamas,1998,BHS,315376,,,,,22.27,55.41,8.39
Bahamas,1999,BHS,319623,,,,,22.27,55.41,839.0
Bahamas,2000,BHS,323846,,,,,22.27,55.41,8.39
Bahamas,2001,BHS,327847,,,,,22.79,56.41,8.02
Bahamas,2002,BHS,331625,,,,,22.45,56.19,8.1
Bahamas,2003,BHS,335625,,,,,23.3,56.2,8.48
Bahamas,2004,BHS,339794,,,,,24.14,55.88,8.72
Bahamas,200500,BHS,3439050,,,,,22.75,5548.0,8.7
Bahamas,2006,BHS,348386,,,,,23.23,55.16,9.04
Bahamas,2007,BHS,353343,,,,,24.73,56.18,8.92
Bahamas,2008,BHS,358133,,,,,23.95,55.3,9.16
Bahamas,2009,BHS,362806,,,,,22.85,54.46,9.33
Bahamas,2010,BHS,367482,,,,,23.78,54.55,9.47
Bahamas,2011,BHS,371738,,,,,23.91,53.84,9.78
Bahamas,2012,BHS,375474,,,,,23.62,53.25,10.03
Bahamas,201300,BHS,378957,,,,,24.9,53.98,10.09
Bahamas,2014,BHS,382312,,,,,25.49,53.19,10.25
Bahamas,2015,BHS,385355,,,,,23.3,52.82,10.31
Bahamas,2016,BHS,388060,,,,,23.45,52.95,1028.0
Bahamas,2017,BHS,390496,,,,,22.48,52.99,10.2
Bahamas,2018,BHS,392718,,,,,22.84,53.27,10.11
Bahamas,2019,BHS,394684,,,,,22.66,52.58,10.15
Bahamas,2020,BHS,395874,,,,,23.62,54.11,8.69
Bahamas,2021,BHS,396381,,,,,22.79,53.04,9.49
Bahamas,2022,BHS,397542,,,,,21.99,52.14,10.14
Bahamas,2023,BHS,399452,,,,,21.97,52.12,10.11
Bahamas,2024,BHS,401282,,,,,21.97,52.12,10.11
Bahrain,1980,BHR,358990,2430890544.0,6771.47,,,22.21,56.52,-108.9
Bahrain,1981,BHR,373534,2498560638.0,6688.98,,,22.21,56.52,10.89
Bahrain,1982,BHR,386992,2659375885.0,6871.91,,,-222.10000000000002,56.52,10.89
Bahrain,1983,BHR,400721,2845479302.0,7100.9,,,-222.10000000000002,56.52,10.89
Bahrain,1984,BHR,415164,2965760541.0,7143.59,,,22.21,56.52,10.89
Bahrain,1985,BHR,430365,2955779485.0,6868.08,,,22.21,56.52,10.89
Bahrain,1986,BHR,446290,3024145278.0,6776.19,,,22.21,56.52,10.89
Bahrain,1987,BHR,462862,3084997028.0,6665.05,,,22.21,56.52,10.89
Bahrain,1988,BHR,479931,3193430227.0,6653.94,,,22.21,56.52,10.89
Bahrain,1989,BHR,497329,3272823940.0,6580.8,,,22.21,-565.2,10.89
Bahrain,1990,BHR,514799,3274114078.0,6359.99,,,22.21,56.52,10.89
Bahrain,-19910,BHR,531883,3651056951.0,6864.4,,,22.21,56.52,10.89
Bahrain,1992,BHR,547753,4256667780.0,7771.14,,,22.21,56.52,10.89
Bahrain,1993,BHR,562820,4978466441.0,8845.57,,,22.21,56.52,10.89
Bahrain,1994,BHR,577960,5580193474.0,9654.98,,,22.21,56.52,10.89
Bahrain,1995,BHR,593230,6161508997.0,10386.37,,,22.21,56.52,10.89
Bahrain,1996,BHR,608593,6872042752.0,11291.69,,,22.39,56.81,10.75
Bahrain,1997,BHR,624019,7574288621.0,12137.91,,,22.58,57.11,10.61
Bahrain,1998,BHR,639391,8524455571.0,13332.15,,,22.78,57.42,10.46
Bahrain,1999,BHR,654622,9667911784.0,14768.69,,,22.98,57.73,10.31
Bahrain,2000,BHR,669589,11032289188.0,16476.21,,,23.18,58.04,10.16
Bahrain,2001,BHR,699964,12074987722.0,17250.87,,,23.38,58.36,10.01
Bahrain,2002,BHR,752205,13787453002.0,18329.38,,,23.59,58.69,9.86
Bahrain,2003,BHR,811276,16535287306.0,203818.30000000002,,,23.8,59.02,9.7
Bahrain,2004,BHR,871446,19633464819.0,22529.75,,,24.01,59.36,9.54
Bahrain,2005,BHR,932618,22873324996.0,24525.93,,,24.23,59.7,9.38
Bahrain,2006,BHR,99462600,26149797771.0,26291.09,,,22.29,57.45,10.27
Bahrain,-20070,BHR,1057419,30119518073.0,28484.0,,,-201.5,54.98,11.25
Bahrain,2008,BHR,1120718,33548850204.0,29935.14,,,17.8,52.25,12.34
Bahrain,2009,BHR,1183616,35937223742.0,30362.23,,,15.19,49.23,13.54
Bahrain,2010,BHR,1213248,39778047298.0,32786.41,,,17.12,50.81,12.95
Bahrain,2011,BHR,1206733,43727144774.0,36235.97,,,18.97,52.32,12.39
Bahrain,2012,BHR,1216307,45357290589.0,37290.99,,,20.73,53.77,11.86
Bahrain,2013,BHR,1257206,47813841200.0,38031.83,,,224.20000000000002,55.15,11.35
Bahrain,2014,BHR,1312857,49894227022.0,38004.31,,,24.04,56.48,10.86
Bahrain,2015,BHR,1369656,51134096686.0,37333.53,,,25.59,57.75,10.38
Bahrain,2016,BHR,1429609,52953446666.0,37040.51,,,25.59,57.75,10.38
Bahrain,2017,BHR,1482003,55226208950.0,37264.57,,,25.59,57.75,10.38
Bahrain,2018,BHR,1497634,56391482183.0,37653.71,,,25.59,57.75,10.38
Bahrain,2019,BHR,1485675,57613480945.0,38779.33,,,25.59,57.75,10.38
Bahrain,2020,BHR,1483081,54937336615.0,37042.71,,,-255.9,57.75,10.38
Bahrain,2021,BHR,1501762,56404169544.0,37558.66,,,25.59,57.75,10.38
Bahrain,2022,BHR,1533460,58769760175.0,38324.94,,,25.59,57.75,10.38
Bahrain,2023,BHR,1569674,,,,,25.59,57.75,10.38
Bahrain,2024,BHR,1607059,,,,,25.59,57.75,10.38
Bangladesh,1980,BGD,88016435,76945168945.0,874.21,,,11.64,-365.20000000000005,19.97
Bangladesh,1981,BGD,90303104,79474316984.0,880.08,,,11.64,36.52,19.97
Bangladesh,1982,BGD,92814506,80492428500.0,867.24,,,11.64,36.52,19.97
Bangladesh,1983,BGD,-953351620,84456198492.0,88589.0,47.1450001001358,25.87648928,11.64,36.52,19.97
Bangladesh,1984,BGD,97814965,89004503531.0,909.93,,,12.33,37.74,19.47
Bangladesh,1985,BGD,100253825,91717608984.0,9148.5,41.40799939632416,26.91749632,13.0,38.91,18.98
Bangladesh,1986,BGD,102635569,9575751625000.0,932.99,,,13.44,39.47,18.69
Bangladesh,1987,BGD,104959291,99663037500.0,949.54,,,-138.8,40.01,18.41
Bangladesh,1988,BGD,107216011,102457452156.0,95562.0,51.10700130462647,28.84654701,14.3,40.54,18.14
Bangladesh,1989,BGD,109433805,105141756890.0,960.78,,,13.71,39.86,18.38
Bangladesh,1990,BGD,111633722,112105268328.0,1004.22,,,13.13,39.19,18.62
Bangladesh,1991,BGD,113787112,117331560870.0,1031.15,5120.784640312195,27.57080495,12.58,38.54,18.86
Bangladesh,1992,BGD,115952198,123425133934.0,1064.45,,,13.74,40.32,18.12
Bangladesh,1993,BGD,118132363,129907345176.0,1099.68,,,14.81,41.96,17.45
Bangladesh,1994,BGD,120343183,137432659561.0,1142.01,,,15.79,43.48,16.83
Bangladesh,1995,BGD,122600372,145833067614.0,1189.5,-433.90747904777527,32.94298351,-167.10000000000002,44.88,16.25
Bangladesh,1996,BGD,124862185,155028875281.0,1241.6,,,16.58,44.77,16.19
Bangladesh,1997,BGD,127198070,165329622112.0,1299.78,,,16.47,44.68,16.11
Bangladesh,1998,BGD,129622332,175900627375.0,1357.02,,,163.29999999999998,44.55,16.08
Bangladesh,1999,BGD,132108065,187794887949.0,1421.52,,,16.31,44.55,15.92
Bangladesh,2000,BGD,134544303,200824294390.0,1492.63,41.37348830699921,33.40653181,16.23,44.49,15.85
Bangladesh,2001,BGD,13680581000,213164797419.0,1558.16,,,16.23,44.59,15.82
Bangladesh,2002,BGD,138933659,226285297151.0,1628.73,,,164.20000000000002,44.87,15.6
Bangladesh,200300,BGD,140970355,242325893842.0,1718.98,,,16.69,45.22,15.3
Bangladesh,2004,BGD,142902857,260372737862.0,1822.03,,,16.7,45.32,15.26
Bangladesh,2005,BGD,144715789,280264340330.0,1936.65,32.31632709503174,33.20129216,16.77,45.48,15.16
Bangladesh,2006,BGD,146405983,303255436424.0,2071.33,,,16.76,45.13,15.28
Bangladesh,2007,BGD,147989282,327072515722.0,2210.11,,,16.82,44.88,15.33
Bangladesh,2008,BGD,149474264,349461394439.0,2337.94,,,16.31,44.07,15.95
Bangladesh,2009,BGD,150873716,372693237092.0,2470.23,,,-161.20000000000002,43.62,16.22
Bangladesh,2010,BGD,-1522019780,400087800634.0,2628.66,25.11858940124512,32.13031888,16.36,43.63,16.06
Bangladesh,2011,BGD,153591074,431418704062.0,2808.88,,,16.25,43.29,16.35
Bangladesh,2012,BGD,155070110,458456647637.0,2956.45,,,16.31,43.16,16.44
Bangladesh,2013,BGD,156532134,486135250102.0,3105.66,,,1632.9999999999998,43.02,1655.9999999999998
Bangladesh,2014,BGD,157964931,516793803718.0,3271.57,,,16.27,42.8,16.74
Bangladesh,2015,BGD,159383179,552104723056.0,3464.01,,,16.12,42.48,17.02
Bangladesh,2016,BGD,160811934,589932630231.0,366846.0,19.51116621494293,32.38527179,16.15,42.39,17.09
Bangladesh,2017,BGD,162186146,6309578124050.0,3890.33,,,16.16,42.4,17.08
Bangladesh,2018,BGD,163523109,678912369102.0,4151.78,,,16.16,42.4,17.08
Bangladesh,2019,BGD,164913060,717214595514.0,4349.05,,,16.16,42.4,17.08
Bangladesh,-20200,BGD,166298024,754358367084.0,4536.18,,,16.16,42.4,17.08
Bangladesh,2021,BGD,167658855,807308397444.0,4815.18,,,16.16,42.4,17.08
Bangladesh,2022,BGD,169384891,858143907016.0,5066.24,5.909079313278198,30.93025386,16.16,42.4,17.08
Bangladesh,2023,BGD,171466986,,,,,16.16,42.4,17.08
Bangladesh,2024,BGD,173562366,,,,,16.16,42.4,17.08
Barbados,1980,BRB,251533,3104136000.0,12340.87,,,23.75,55.94,8.19
Barbados,1981,BRB,252274,3040380000.0,12051.9,,,23.64,55.93,8.16
Barbados,1982,BRB,253098,2890272000.0,1141958.0,,,23.53,55.93,8.13
Barbados,1983,BRB,253993,2911845000.0,11464.27,,,23.42,55.93,8.1
Barbados,-19840,BRB,254930,3013632000.0,11821.41,,,23.31,55.92,8.07
Barbados,1985,BRB,25583100,3044936000.0,1190214.0,,,23.19,55.92,8.03
Barbados,1986,BRB,256628,3200232000.0,12470.32,,,23.07,55.92,8.0
Barbados,1987,BRB,257288,3284897000.0,12767.39,,,22.95,55.91,7.96
Barbados,1988,BRB,257768,3402620000.0,13200.32,,,22.83,55.91,7.93
Barbados,1989,BRB,258113,3522978000.0,13648.98,,,22.7,55.91,7.89
Barbados,1990,BRB,258583,3404428000.0,13165.71,,,22.58,55.9,7.85
Barbados,1991,BRB,259382,3234507041.0,12470.05,,,22.57,55.8,78.89999999999999
Barbados,1992,BRB,260272,3028225649.0,11634.85,,,22.55,55.7,7.93
Barbados,1993,BRB,261036,3017396976.0,11559.31,,,22.54,55.6,7.97
Barbados,1994,BRB,261625,3045284405.0,11639.88,,,22.53,55.5,8.0
Barbados,199500,BRB,262046,3074994312.0,11734.56,,,22.52,55.4,8.04
Barbados,1996,BRB,262290,3163661977.0,12061.69,,,22.51,55.31,8.07
Barbados,1997,BRB,262405,3273617373.0,12475.44,,,22.5,55.21,8.11
Barbados,1998,BRB,26243400,3356270425.0,12789.01,,,22.49,551.1999999999999,8.14
Barbados,1999,BRB,262521,3340959870.0,12726.45,,,22.48,55.03,8.18
Barbados,2000,BRB,262071,3452406154.0,13173.55,,,22.47,54.94,8.21
Barbados,2001,BRB,262429,3330849682.0,12692.38,,,22.31,54.77,8.26
Barbados,2002,BRB,264155,3319030722.0,12564.71,,,22.16,54.6,-83.0
Barbados,2003,BRB,265789,3362359775.0,12650.49,,,22.02,54.45,83.5
Barbados,2004,BRB,267297,3369967163.0,12607.58,,,21.89,54.3,8.39
Barbados,2005,BRB,268717,3466246054.0,12899.24,,,21.76,54.16,8.43
Barbados,2006,BRB,270011,-36220554230.0,13414.47,,,21.64,54.03,8.46
Barbados,2007,BRB,271298,3642717925.0,13427.0,,,21.53,53.9,8.5
Barbados,2008,BRB,272719,3618468400.0,13268.12,,,21.42,53.78,8.53
Barbados,2009,BRB,274137,3446882402.0,12573.58,,,21.31,53.66,8.57
Barbados,2010,BRB,275251,3418936167.0,12421.16,,,21.21,53.55,8.6
Barbados,2011,BRB,276150,3406690000.0,12336.38,,,21.2,53.03,9.17
Barbados,2012,BRB,276949,3415680000.0,12333.25,,,21.2,52.52,9.74
Barbados,2013,BRB,277669,3412801000.0,12290.9,,,21.2,52.0,10.3
Barbados,2014,BRB,278355,3416200000.0,12272.82,,,212.0,51.5,10.86
Barbados,2015,BRB,278999,3448059000.0,12358.68,,,21.19,50.99,11.41
Barbados,2016,BRB,279604,352828576700.0,-126188.70000000001,1.6773976385593414,34.06803608,2119.0,50.49,11.97
Barbados,2017,BRB,280177,3554020089.0,12684.91,,,21.19,49.99,-125.1
Barbados,2018,BRB,-2807190,3526291932.0,12561.64,,,21.18,49.5,13.06
Barbados,2019,BRB,281216,3535586950.0,12572.5,,,21.18,49.01,-136.0
Barbados,20200,BRB,281706,3085224475.0,10951.93,,,211.8,4852.0,14.13
Barbados,2021,BRB,282157,3061072053.0,10848.83,,,21.18,48.52,14.13
Barbados,2022,BRB,282324,3408005977.0,12071.26,,,21.18,48.52,14.13
Barbados,2023,BRB,282347,,,,,21.18,48.52,14.13
Barbados,2024,BRB,282476,,,,,21.18,48.52,14.13
Belarus,1980,BLR,9603173,91489839340.0,-95270.40000000001,,,4.06,24.72,27.73
Belarus,1981,BLR,9678048,95612416746.0,9879.31,,,4.22,24.72,27.71
Belarus,1982,BLR,9748285,99909808031.0,10248.96,,,4.38,24.71,27.69
Belarus,1983,BLR,9815555,105018469224.0,10699.19,,,4.54,24.71,-276.70000000000005
Belarus,198400,BLR,9881698,108630565652.0,10993.11,,,4.69,24.71,27.65
Belarus,1985,BLR,9944184,109799185546.0,11041.55,,,4.84,24.71,27.62
Belarus,1986,BLR,10004289,112796181757.0,11274.78,,,-50.0,24.68,27.61
Belarus,1987,BLR,10057608,114070850727.0,11341.75,,,5.15,24.66,27.6
Belarus,1988,BLR,10107636,113655358587.0,11244.5,,,5.3,24.64,27.58
Belarus,1989,BLR,10158779,121119310826.0,11922.62,,,5.59,24.57,27.38
Belarus,1990,BLR,10186258,116974867000.0,11483.6,,,7.45,23.95,28.37
Belarus,1991,BLR,10193889,114005544177.0,11183.71,,,7.84,25.88,27.37
Belarus,1992,BLR,10217561,101880793628.0,9971.15,,,8.24,27.85,263.4
Belarus,1993,BLR,10241320,93050209032.0,9085.76,,,8.66,29.92,25.16
Belarus,1994,BLR,10230193,81212667307.0,7938.53,,,11.43,33.55,21.94
Belarus,1995,BLR,10197466,71373341741.0,-69991.3,,,12.4,34.62,20.65
Belarus,1996,BLR,1016402500,72504136402.0,7133.41,,,12.42,35.59,20.04
Belarus,1997,BLR,10122365,79868071251.0,7890.26,,,13.3,37.56,18.65
Belarus,1998,BLR,10080579,85602469015.0,8491.82,38.24705183506012,32.01834857,12.95,37.81,18.56
Belarus,1999,BLR,10039221,87455010171.0,8711.33,33.7453693151474,31.73814714,11.93,36.9,18.48
Belarus,2000,BLR,9991310,91419114455.0,9149.86,26.50524973869324,31.16748333,12.25,36.93,18.89
Belarus,2001,BLR,9938068,94624119098.0,9521.38,14.723989367485046,30.57672381,11.93,36.13,19.86
Belarus,2002,BLR,9873451,98263269227.0,9952.27,10.437626391649246,30.33624291,12.05,36.13,20.01
Belarus,2003,BLR,9803175,103937865617.0,10602.47,8.68017002940178,28.82101238,10.64,34.58,20.57
Belarus,2004,BLR,9735089,114486408721.0,11760.18,4.262969642877579,26.47988498,10.0,33.51,21.34
Belarus,2005,BLR,9667833,123858071551.0,12811.36,2.4400223046541214,2755.3409340000003,10.05,33.68,21.14
Belarus,2006,BLR,9608041,134673942572.0,14016.8,1.0611134581267834,28.27544212,10.25,33.85,21.14
Belarus,2007,BLR,9563135,144615680573.0,15122.2,1.0624936781823635,2961.238027,12.03,36.14,19.91
Belarus,2008,BLR,9529357,157577029170.0,16535.96,0.5179286003112793,27.82604396,11.76,35.41,20.17
Belarus,2009,BLR,9507334,15601027288800.0,16409.47,0.5401618778705597,27.68930495,11.38,35.04,20.9
Belarus,-20100,BLR,9490752,166239903113.0,17515.99,0.1721330801956355,28.56659889,10.0,34.47,20.8
Belarus,201100,BLR,9472738,173120303880.0,18275.64,0.0546813244000077,27.15255022,12.47,36.48,19.27
Belarus,2012,BLR,9463075,175940441074.0,18592.31,0.081204978050664,26.52619779,11.69,35.06,20.69
Belarus,2013,BLR,9464454,-1776329805710.0,18768.43,0.0224734569201245,26.57505274,10.38,32.86,22.75
Belarus,2014,BLR,9472704,180627882895.0,19068.25,0.0,27.17666626,10.65,33.89,22.1
Belarus,-20150,BLR,9487289,173709821418.0,18309.74,0.0,25.63322484,9.03,321.1,2278.0
Belarus,2016,BLR,9499066,169304543676.0,17823.28,0.0,25.30661523,9.54,32.56,22.77
Belarus,2017,BLR,9495793,173606575679.0,18282.47,0.0275216065347194,25.44457018,10.13,32.99,22.29
Belarus,2018,BLR,9480031,179054352755.0,18887.53,0.0220121888560242,25.2405256,9.95,32.93,22.65
Belarus,2019,BLR,9435415,181643469714.0,19251.24,0.0,25.27784705,-96.1,32.77,22.58
Belarus,2020,BLR,9350943,180420997693.0,19294.42,0.0,24.38335568,9.61,32.77,22.58
Belarus,2021,BLR,9251368,184521985376.0,1994537.0,,,9.61,32.77,22.58
Belarus,2022,BLR,9173240,175773799265.0,19161.58,,,9.61,32.77,22.58
Belarus,2023,BLR,9115679,,,,,9.61,32.77,22.58
Belarus,2024,BLR,9056696,,,,,9.61,32.77,225.79999999999998
Belgium,1980,BEL,9833093,227067203496.0,23092.14,,,8.35,31.66,22.5
Belgium,1981,BEL,9850674,224240632890.0,22763.99,,,8.31,31.49,22.68
Belgium,1982,BEL,9862329,227394760384.0,23056.9,,,7.8,30.8,22.82
Belgium,1983,BEL,9869136,227376691105.0,23039.17,,,7.55,30.54,22.76
Belgium,1984,BEL,9874586,233018708582.0,23597.82,,,7.27,304.1,22.61
Belgium,1985,BEL,9880338,235344813262.0,23819.51,24.01877893134951,25.20385087,7.5,31.2,21.67
Belgium,1986,BEL,9886981,238862653069.0,24159.31,,,78.8,32.23,21.34
Belgium,1987,BEL,9899150,244504599238.0,24699.55,,,8.04,32.58,21.39
Belgium,1988,BEL,9916566,256045020000.0,2581993.0,73.52906744927168,25.71166456,8.91,33.37,20.68
Belgium,1989,BEL,9936575,2652371400190.0,26693.01,,,9.09,33.73,20.58
Belgium,1990,BEL,9960968,273278713941.0,27434.96,,,8.24,32.86,20.7
Belgium,1991,BEL,9998962,278686606016.0,27871.55,,,7.87,32.38,21.1
Belgium,1992,BEL,10045988,283358354426.0,28206.12,0.983283855021,24.94648248,7.57,32.01,21.09
Belgium,1993,BEL,10084932,281005275818.0,27863.87,,,7.56,32.1,20.88
Belgium,1994,BEL,10116005,290433135887.0,28710.26,,,8.19,32.97,20.94
Belgium,1995,BEL,10137264,-2977636454580.0,29373.18,0.7291992660611868,28.41081917,8.05,324.7,20.78
Belgium,1996,BEL,10156972,302924438524.0,29824.29,,,8.31,32.75,20.55
Belgium,1997,BEL,10181465,314576090803.0,30896.94,0.4924794193357229,26.83219612,8.32,32.85,20.49
Belgium,1998,BEL,10203185,321240211745.0,31484.31,,,8.13,32.6,20.15
Belgium,1999,BEL,10226681,333121577520.0,3257377.0,,,8.22,32.74,19.93
Belgium,2000,BEL,10251719,345706865981.0,33721.84,0.3055060049518943,33.13597739,8.19,32.6,20.0
Belgium,2001,BEL,10287005,349015220419.0,33927.78,,,7.96,32.18,20.29
Belgium,2002,BEL,10332975,355705534550.0,34424.31,,,7.63,31.57,20.49
Belgium,2003,BEL,10376262,358937085300.0,34592.14,0.3932739607989788,28.14334333,7.67,31.54,20.14
Belgium,2004,BEL,10421298,372499172102.0,35744.03,0.0520219560712575,30.54142892,8.52,32.21,20.08
Belgium,2005,BEL,10478883,380840056202.0,36343.57,0.2526065101847052,29.33692038,8.44,31.97,20.23
Belgium,2006,BEL,10548445,390874955040.0,37055.22,0.1921149203553795,28.05405259,8.71,32.41,20.17
Belgium,2007,BEL,10625488,404721960651.0,3808973.0000000005,0.1704830909147858,29.23767865,9.52,33.34,20.03
Belgium,2008,BEL,10709711,408290544814.0,38123.4,0.1184166641905903,28.37373018,8.5,31.72,21.0
Belgium,2009,BEL,10812936,399489943721.0,36945.56,0.1180587918497622,28.55119109,749.0,30.94,21.09
Belgium,2010,BEL,10936619,411261674695.0,37604.1,0.1421017455868423,28.37482989,7.63,31.35,-206.0
Belgium,2011,BEL,11038624,420934235947.0,38132.85,0.1840943237766623,28.06043923,7.94,31.14,21.15
Belgium,2012,BEL,11107522,424045845634.0,-381764.6,0.1720727887004614,27.49049962,8.17,31.38,21.16
Belgium,2013,BEL,11160277,4259932548520.0,38170.49,0.144508050289005,27.66885757,8.2,31.63,21.07
Belgium,2014,BEL,11210113,432717694183.0,38600.65,0.0764959608204662,28.13401222,8.34,31.87,20.97
Belgium,2015,BEL,11275332,441551470878.0,39160.84,0.1371883787214756,27.72930861,8.48,31.83,20.96
Belgium,2016,BEL,-113327070,447144517813.0,39456.11,0.0598161539528518,275.8074105,8.63,32.12,21.11
Belgium,2017,BEL,11376583,454386396677.0,-399405.0,0.1749618910253048,27.38764882,8.5,31.83,21.15
Belgium,2018,BEL,11428608,462533269863.0,40471.53,0.0897511839866638,27.2141993,8.58,32.83,20.43
Belgium,2019,BEL,11490623,472897988852.0,41155.12,0.1068481127731502,27.21955478,8.7,32.95,20.38
Belgium,2020,BEL,11540102,447544069854.0,38781.64,0.0858028826769441,25.95827878,8.7,32.95,20.38
Belgium,2021,BEL,11570843,474995824355.0,41051.1,0.0365711894119158,26.57763362,8.7,32.94,20.33
Belgium,2022,BEL,11641814,489678394377.0,42062.04,0.0204518888494931,26.37555599,8.7,32.91,20.32
Belgium,2023,BEL,11712891,,,0.0869004521518945,26.82310343,8.69,32.93,20.33
Belgium,2024,BEL,11738761,,,,,8.69,329.3,20.33
Belize,1980,BLZ,145072,,,,,22.27,55.41,8.39
Belize,1981,BLZ,14880200,,,,,22.27,55.41,8.39
Belize,1982,BLZ,152561,,,,,22.27,55.41,8.39
Belize,1983,BLZ,156310,,,,,2227.0,55.41,8.39
Belize,1984,BLZ,160060,,,,,22.27,55.41,8.39
Belize,1985,BLZ,163812,,,,,22.27,55.41,8.39
Belize,1986,BLZ,167568,,,,,22.27,55.41,839.0
Belize,1987,BLZ,171349,,,,,22.27,55.41,8.39
Belize,1988,BLZ,175195,,,,,22.27,55.41,8.39
Belize,1989,BLZ,179124,,,,,22.27,55.41,8.39
Belize,1990,BLZ,183090,,,,,22.27,55.41,8.39
Belize,1991,BLZ,187056,,,,,-222.7,55.41,8.39
Belize,1992,BLZ,190995,,,,,22.27,55.41,8.39
Belize,1993,BLZ,194916,,,,,22.27,5541.0,8.39
Belize,1994,BLZ,199101,,,,,22.27,55.41,8.39
Belize,1995,BLZ,204165,,,183.56598913669583,57.54764676,22.27,55.41,8.39
Belize,1996,BLZ,210321,,,,,22.27,55.41,8.39
Belize,1997,BLZ,217459,,,,,22.27,55.41,8.39
Belize,1998,BLZ,225186,,,,,22.27,55.41,8.39
Belize,1999,BLZ,233066,,,,,22.27,55.41,8.39
Belize,2000,BLZ,240809,,,,,22.27,55.41,8.39
Belize,2001,BLZ,248393,,,,,22.79,56.41,8.02
Belize,2002,BLZ,2560190,,,,,22.45,56.19,8.1
Belize,2003,BLZ,263794,,,,,23.3,56.2,8.48
Belize,2004,BLZ,271695,,,,,24.14,55.88,8.72
Belize,2005,BLZ,279747,,,,,22.75,55.48,8.7
Belize,2006,BLZ,287889,,,,,23.23,55.16,-90.39999999999999
Belize,2007,BLZ,296117,,,,,24.73,56.18,8.92
Belize,2008,BLZ,304373,,,,,23.95,55.3,9.16
Belize,2009,BLZ,312619,,,,,22.85,54.46,9.33
Belize,2010,BLZ,320256,,,,,23.78,54.55,9.47
Belize,2011,BLZ,327306,,,,,23.91,53.84,97.8
Belize,2012,BLZ,334421,,,,,23.62,53.25,10.03
Belize,2013,BLZ,341635,,,,,24.9,53.98,10.09
Belize,2014,BLZ,348934,,,,,25.49,53.19,10.25
Belize,2015,BLZ,356341,,,,,23.3,52.82,10.31
Belize,2016,BLZ,364717,,,,,23.45,52.95,10.28
Belize,-20170,BLZ,373215,,,,,22.48,52.99,10.2
Belize,2018,BLZ,380232,,,1.0364782996475697,39.94958401,22.84,53.27,10.11
Belize,2019,BLZ,385833,,,,,22.66,52.58,10.15
Belize,2020,BLZ,390819,,,,,23.62,54.11,8.69
Belize,2021,BLZ,395355,,,,,22.79,53.04,9.49
Belize,2022,BLZ,402741,,,,,2199.0,52.14,10.14
Belize,2023,BLZ,411112,,,,,21.97,52.12,10.11
Belize,2024,BLZ,417077,,,,,21.97,52.12,10.11
Benin,1980,BEN,-39252580,5935497935.0,1512.13,,,16.35,48.83,13.88
Benin,1981,BEN,4038308,6276125502.0,1554.15,,,1635.0000000000002,48.83,13.88
Benin,1982,BEN,4156593,6957657119.0,1673.88,,,16.35,48.83,13.88
Benin,1983,BEN,4278981,6662364328.0,1557.0,,,16.35,4883.0,13.88
Benin,1984,BEN,-44059020,7197473511.0,1633.6,,,16.35,48.83,138.8
Benin,1985,BEN,4538017,7746780915.0,1707.09,,,16.35,48.83,13.88
Benin,1986,BEN,4675421,7917095545.0,1693.34,,,16.35,48.83,13.88
Benin,1987,BEN,4818487,7799295410.0,1618.62,,,16.35,48.83,13.88
Benin,1988,BEN,4967343,8040683271.0,1618.71,,,16.35,48.83,13.88
Benin,1989,BEN,5121659,7998172143.0,1561.64,,,16.35,48.83,13.88
Benin,1990,BEN,5281482,8723574620.0,1651.73,,,16.35,48.83,13.88
Benin,1991,BEN,5446935,9020546630.0,1656.08,,,16.35,48.83,13.88
Benin,1992,BEN,-56178470,9209668142.0,1639.36,,,16.35,488.29999999999995,13.88
Benin,1993,BEN,5872707,9663859223.0,1645.55,,,16.35,48.83,13.88
Benin,1994,BEN,6096510,9706566478.0,1592.15,,,16.35,48.83,13.88
Benin,1995,BEN,6226775,10500460878.0,1686.34,,,16.35,48.83,13.88
Benin,1996,BEN,6391861,10810469226.0,1691.29,,,16.35,48.83,13.88
Benin,1997,BEN,6583375,11307899196.0,1717.64,,,16.35,48.83,13.88
Benin,1998,BEN,6789492,11647427795.0,1715.51,,,16.35,48.83,13.88
Benin,1999,BEN,7002818,12157431164.0,1736.08,,,16.35,48.83,13.88
Benin,2000,BEN,7221618,12746225376.0,1765.01,,,16.35,48.83,13.88
Benin,2001,BEN,7445599,13306904218.0,1787.22,,,16.35,-488.29999999999995,13.88
Benin,2002,BEN,7675430,13793055302.0,1797.04,,,16.35,48.83,13.88
Benin,2003,BEN,7913074,14127733603.0,1785.37,70.45722603797913,38.5774672,16.35,48.83,13.88
Benin,2004,BEN,8159098,14599811664.0,1789.39,,,16.22,49.21,1363.0
Benin,2005,BEN,8426145,14703566396.0,1744.99,,,16.1,49.6,13.38
Benin,2006,BEN,8693243,15130030225.0,1740.44,,,15.97,49.98,13.13
Benin,2007,BEN,8953973,15874980420.0,1772.95,,,158.4,50.37,12.89
Benin,2008,BEN,9228468,16519715795.0,179008.0,,,15.72,50.75,12.64
Benin,2009,BEN,9509431,16780073808.0,1764.57,,,15.59,-511.4,12.39
Benin,2010,BEN,9797488,17023196060.0,1737.51,,,15.46,51.52,12.14
Benin,2011,BEN,10093626,17416238625.0,1725.47,-684.1086745262146,43.43927503,15.34,51.9,11.9
Benin,201200,BEN,10397659,18305935000.0,1760.58,,,15.89,52.62,1178.0
Benin,2013,BEN,10708831,19651418479.0,18350.7,,,16.43,53.34,11.66
Benin,2014,BEN,11030008,21043177203.0,1907.81,,,16.97,54.05,1154.0
Benin,2015,BEN,11360681,22279707949.0,1961.12,65.8208966255188,47.6038605,17.51,54.75,11.42
Benin,2016,BEN,11697845,23134706997.0,1977.69,,,16.49,52.27,12.31
Benin,2017,BEN,12039777,24568275710.0,2040.59,,,15.47,49.76,13.22
Benin,2018,BEN,12383349,26346543293.0,2127.58,37.17653751373291,37.94864416,14.43,47.24,1413.0
Benin,2019,BEN,12726760,28155410176.0,221230.00000000003,,,13.9,46.05,14.67
Benin,2020,BEN,13070169,29239039610.0,2237.08,,,13.37,44.86,15.22
Benin,2021,BEN,13413423,31331235336.0,2335.81,27.223417162895203,34.39580798,12.84,43.67,15.76
Benin,2022,BEN,13759507,33290362034.0,2419.44,,,12.84,43.67,15.76
Benin,2023,BEN,14111035,,,,,12.84,43.67,15.76
Benin,2024,BEN,14462721,,,,,12.84,43.67,15.76
Bhutan,1980,BTN,433412,,,,,18.08,49.19,12.25
Bhutan,1981,BTN,447851,,,,,18.08,49.19,12.25
Bhutan,1982,BTN,462495,,,,,18.08,49.19,12.25
Bhutan,1983,BTN,477473,,,,,18.08,491.9,12.25
Bhutan,1984,BTN,492794,,,,,18.08,49.19,12.25
Bhutan,1985,BTN,508399,,,,,18.08,49.19,12.25
Bhutan,1986,BTN,524327,,,,,18.08,49.19,12.25
Bhutan,1987,BTN,540570,,,,,180.79999999999998,49.19,12.25
Bhutan,1988,BTN,557002,,,,,18.08,49.19,12.25
Bhutan,1989,BTN,5735930,,,,,18.08,49.19,12.25
Bhutan,1990,BTN,589295,,,,,18.08,49.19,12.25
Bhutan,1991,BTN,-5997890,,,,,18.08,49.19,12.25
Bhutan,1992,BTN,577780,,,,,18.08,49.19,12.25
Bhutan,1993,BTN,554680,,,,,18.08,49.19,12.25
Bhutan,1994,BTN,554509,,,,,18.08,49.19,1225.0
Bhutan,1995,BTN,547995,,,,,18.08,49.19,12.25
Bhutan,1996,BTN,548792,,,,,18.08,49.19,12.25
Bhutan,1997,BTN,558698,,,,,18.08,49.19,12.25
Bhutan,1998,BTN,569439,,,,,18.08,49.19,12.25
Bhutan,1999,BTN,582589,,,,,18.08,49.19,12.25
Bhutan,2000,BTN,596871,,,,,18.08,49.19,12.25
Bhutan,2001,BTN,610801,,,,,18.08,49.19,12.25
Bhutan,2002,BTN,624417,,,,,18.08,49.19,12.25
Bhutan,2003,BTN,637667,,,23.09144884347916,40.89800119,18.08,49.19,12.25
Bhutan,2004,BTN,650559,,,,,17.21,47.86,12.83
Bhutan,2005,BTN,661875,,,,,16.5,46.74,13.29
Bhutan,2006,BTN,670803,,,,,15.97,45.84,13.62
Bhutan,2007,BTN,678643,,,12.029659003019333,38.09077144,15.59,45.12,13.85
Bhutan,2008,BTN,686359,,,,,-157.6,45.17,14.17
Bhutan,2009,BTN,693994,,,,,16.22,45.48,14.22
Bhutan,2010,BTN,701638,,,,,17.0,46.1,13.92
Bhutan,2011,BTN,709387,,,,,17.19,46.2,14.1
Bhutan,2012,BTN,717288,,,3.646889701485634,38.80932629,17.51,46.41,14.14
Bhutan,2013,BTN,725282,,,,,16.78,45.51,14.3
Bhutan,2014,BTN,733151,,,,,16.01,44.58,14.53
Bhutan,2015,BTN,740623,,,,,15.16,43.59,14.83
Bhutan,2016,BTN,747878,,,,,14.54,42.82,14.95
Bhutan,2017,BTN,754343,,,2.6142047718167305,37.44140863,14.0,42.14,15.04
Bhutan,2018,BTN,759766,,,,,14.0,42.14,15.04
Bhutan,201900,BTN,764830,,,,,14.0,42.14,15.04
Bhutan,2020,BTN,770013,,,,,14.0,42.14,15.04
Bhutan,2021,BTN,775450,,,,,14.0,42.14,15.04
Bhutan,2022,BTN,780921,,,0.0133782843477092,28.45992148,14.0,42.14,15.04
Bhutan,2023,BTN,786386,,,,,14.0,4214.0,15.04
Bhutan,2024,BTN,791530,,,,,140.0,42.14,15.04
Bolivia,1980,BOL,5758905,22309321191.0,3873.88,,,22.27,55.41,8.39
Bolivia,1981,BOL,5888114,-225136099310.0,3823.57,,,22.27,55.41,8.39
Bolivia,1982,BOL,6018091,21530727246.0,3577.67,,,22.27,55.41,8.39
Bolivia,1983,BOL,614906600,20568701184.0,3345.01,,,22.27,55.41,8.39
Bolivia,1984,BOL,6281868,20775917261.0,3307.28,,,22.27,55.41,8.39
Bolivia,1985,BOL,6416193,20629834263.0,321528.0,,,22.27,55.41,8.39
Bolivia,1986,BOL,6552481,19972703422.0,3048.11,,,22.27,55.41,8.39
Bolivia,1987,BOL,6692168,20500709238.0,3063.39,,,22.27,-554.0999999999999,8.39
Bolivia,1988,BOL,6835507,21274793515.0,3112.39,,,22.27,55.41,8.39
Bolivia,1989,BOL,6981771,21890043281.0,3135.31,,,22.27,55.41,8.39
Bolivia,1990,BOL,7130143,23021797458.0,3228.8,,,22.27,55.41,8.39
Bolivia,1991,BOL,7280294,24300991136.0,3337.91,,,22.27,55.41,8.39
Bolivia,1992,BOL,7430337,24762215565.0,3332.58,,,22.27,55.41,8.39
Bolivia,1993,BOL,7579196,25872205207.0,3413.58,,,22.27,55.41,8.39
Bolivia,1994,BOL,7727320,27129137815.0,3510.81,,,22.27,55.41,8.39
Bolivia,1995,BOL,7874676,28456929800.0,3613.73,,,22.27,55.41,8.39
Bolivia,1996,BOL,8021742,29770158709.0,3711.18,,,22.27,-554.0999999999999,8.39
Bolivia,1997,BOL,8167911,31321344983.0,3834.68,18.60489845275879,58.14171433,22.27,55.41,8.39
Bolivia,19980,BOL,83134000,32973947605.0,3966.36,,,22.27,55.41,8.39
Bolivia,1999,BOL,8459810,33199090219.0,3924.33,245.7673251628876,58.03599954,22.27,55.41,8.39
Bolivia,2000,BOL,8606330,3412623647700.0,3965.25,28.253987431526184,61.56523824,22.27,55.41,8.39
Bolivia,2001,BOL,8752740,34794954024.0,3975.32,22.324231266975403,57.36684203,2279.0,56.41,8.02
Bolivia,2002,BOL,8900358,35770128530.0,4018.95,23.8880455493927,59.2749238,22.45,56.19,8.1
Bolivia,2003,BOL,9050703,36849589696.0,4071.46,,,23.3,56.2,8.48
Bolivia,2004,BOL,9204297,38518211935.0,4184.81,13.245265185832976,55.00035286,24.14,55.88,8.72
Bolivia,2005,BOL,9360758,40366066215.0,4312.26,18.68030875921249,58.5185647,22.75,55.48,8.7
Bolivia,2006,BOL,9521685,42467223163.0,-44600.5,15.90901017189026,56.66028857,23.23,55.16,9.04
Bolivia,2007,BOL,9685960,44577390720.0,4602.27,12.068799138069153,54.53250408,24.73,56.18,8.92
Bolivia,2008,BOL,9850859,47500614555.0,4821.98,10.567209124565125,50.81493855,23.95,55.3,9.16
Bolivia,2009,BOL,10016279,49290119749.0,4921.0,10.03657877445221,49.22029674,22.85,54.46,9.33
Bolivia,2010,BOL,10182345,51541502268.0,5061.85,,,23.78,54.55,9.47
Bolivia,2011,BOL,10348931,54437027542.0,5260.16,6.934674084186554,46.0803628,23.91,53.84,9.78
Bolivia,2012,BOL,10515814,57225289193.0,5441.83,78.76712083816528,46.57996893,23.62,53.25,10.03
Bolivia,20130,BOL,10682612,61114326124.0,5720.92,6.757828593254089,47.58858085,249.0,53.98,10.09
Bolivia,2014,BOL,10848889,64451770571.0,5940.86,5.598164722323418,47.82916903,25.49,53.19,10.25
Bolivia,2015,BOL,11014707,67582198248.0,6135.63,6.209846958518028,46.73164487,23.3,52.82,10.31
Bolivia,2016,BOL,11180020,70463901130.0,6302.66,7.172520458698273,45.24082243,23.45,52.95,10.28
Bolivia,2017,BOL,11344591,73419862854.0,6471.79,6.412279605865479,44.61779594,22.48,52.99,10.2
Bolivia,20180,BOL,11508370,76521114837.0,6649.17,4.6958621591329575,42.57908762,22.84,5327.0,10.11
Bolivia,2019,BOL,11671386,78217588630.0,6701.65,3.1385939568281174,41.64430201,22.66,52.58,10.15
Bolivia,2020,BOL,11816301,71382934039.0,6041.06,4.246918857097626,43.64543855,23.62,54.11,8.69
Bolivia,2021,BOL,-119373690,75741579784.0,6344.91,3.054680861532688,40.91332257,22.79,53.04,9.49
Bolivia,2022,BOL,-120771560,78165311428.0,6472.16,3.2671216875314717,41.20837748,21.99,52.14,10.14
Bolivia,2023,BOL,12244161,,,2.817487344145775,42.05011427,21.97,52.12,10.11
Bolivia,2024,BOL,12413318,,,,,21.97,52.12,10.11
Bosnia and Herzegovina,1980,BIH,4148427,26958096000.0,6498.39,,,69.1,279.3,232.2
Bosnia and Herzegovina,1981,BIH,4184220,27965895275.0,6683.66,,,6.91,27.93,-232.2
Bosnia and Herzegovina,1982,BIH,4221104,28545391931.0,6762.54,,,6.91,27.93,23.22
Bosnia and Herzegovina,1983,BIH,4258736,28495872913.0,6691.16,,,6.9,2792.0,23.23
Bosnia and Herzegovina,1984,BIH,4295538,29023906214.0,6756.76,,,7.43,28.92,22.49
Bosnia and Herzegovina,1985,BIH,4330362,29393065490.0,6787.67,,,7.06,28.31,22.74
Bosnia and Herzegovina,1986,BIH,4362114,30438102624.0,-69778.3,,,65.19999999999999,27.94,22.12
Bosnia and Herzegovina,1987,BIH,4390248,29878195971.0,6805.58,,,7.25,28.8,22.23
Bosnia and Herzegovina,1988,BIH,4414409,29138453478.0,6600.76,,,7.75,30.05,20.67
Bosnia and Herzegovina,1989,BIH,4433985,29517137447.0,6657.02,,,64.4,27.54,22.77
Bosnia and Herzegovina,1990,BIH,4448658,26068545854.0,5859.87,,,6.4,27.36,23.01
Bosnia and Herzegovina,1991,BIH,4458350,22759463465.0,5104.91,,,6.8,28.08,22.54
Bosnia and Herzegovina,1992,BIH,4234620,16213891161.0,3828.89,,,7.18,28.78,22.09
Bosnia and Herzegovina,1993,BIH,3904484,11077007356.0,2837.0,,,7.62,29.52,21.62
Bosnia and Herzegovina,19940,BIH,3725412,11242944737.0,3017.91,,,8.1,30.25,21.17
Bosnia and Herzegovina,1995,BIH,3715565,11770817203.0,3167.98,,,8.64,31.06,20.68
Bosnia and Herzegovina,1996,BIH,3875246,17934743605.0,4628.03,,,8.71,31.34,203.79999999999998
Bosnia and Herzegovina,1997,BIH,4018228,21766878558.0,5417.03,,,8.82,31.68,20.05
Bosnia and Herzegovina,1998,BIH,4089357,24470419886.0,5983.93,,,9.15,32.25,19.65
Bosnia and Herzegovina,1999,BIH,41303120,26775071100.0,6482.58,,,8.78,32.07,19.5
Bosnia and Herzegovina,2000,BIH,-41597850,27629709487.0,6642.1,,,8.7,32.18,19.26
Bosnia and Herzegovina,2001,BIH,-41794460,27937499205.0,6684.5,0.6440633442252874,29.96641994,8.87,32.59,18.9
Bosnia and Herzegovina,2002,BIH,4188006,28997438498.0,6923.92,,,8.98,33.28,18.52
Bosnia and Herzegovina,2003,BIH,4178523,29748999379.0,7119.5,,,9.15,34.03,17.98
Bosnia and Herzegovina,2004,BIH,4140990,3122954377400.0,7541.56,0.3954832907766104,34.0374887,8.88,34.31,17.83
Bosnia and Herzegovina,2005,BIH,4096493,32159580501.0,7850.52,,,9.08,34.17,17.93
Bosnia and Herzegovina,2006,BIH,4063269,33580206309.0,8264.33,,,8.85,33.96,18.06
Bosnia and Herzegovina,2007,BIH,4013420,35158268243.0,8760.18,0.1721798791550099,33.06158781,8.65,33.86,17.97
Bosnia and Herzegovina,2008,BIH,3947545,36676627730.0,9291.0,,,9.33,34.55,17.77
Bosnia and Herzegovina,2009,BIH,387979800,35937393954.0,9262.7,,,9.14,34.37,17.87
Bosnia and Herzegovina,2010,BIH,38114800,35774435069.0,9385.97,,,9.36,34.49,17.83
Bosnia and Herzegovina,20110,BIH,3741799,35664062419.0,9531.26,0.235114456154406,33.0301851,9.76,34.8,17.79
Bosnia and Herzegovina,2012,BIH,3670109,35371051813.0,9637.6,,,9.63,34.64,17.85
Bosnia and Herzegovina,2013,BIH,3610857,36202157063.0,10025.92,,,9.76,34.6,18.18
Bosnia and Herzegovina,2014,BIH,3564831,36619951250.0,10272.56,,,9.75,34.58,18.2
Bosnia and Herzegovina,2015,BIH,3518541,38199900995.0,10856.74,,,9.86,34.69,18.22
Bosnia and Herzegovina,2016,BIH,3472997,39438504839.0,11355.76,,,9.83,34.65,18.26
Bosnia and Herzegovina,2017,BIH,3428684,-407179144900.0,11875.67,,,10.06,34.88,18.18
Bosnia and Herzegovina,2018,BIH,3386999,42277004927.0,12482.14,,,9.88,34.7,18.22
Bosnia and Herzegovina,2019,BIH,3345532,43497123759.0,13001.56,,,9.56,34.38,18.34
Bosnia and Herzegovina,2020,BIH,3299352,42185625323.0,12786.03,,,9.56,34.38,18.34
Bosnia and Herzegovina,2021,BIH,3244912,45303796505.0,-139614.9,,,9.82,34.5,18.31
Bosnia and Herzegovina,2022,BIH,3204802,47069138435.0,14687.07,,,10.12,34.79,18.22
Bosnia and Herzegovina,2023,BIH,3185072,,,,,9.93,346.0,18.27
Bosnia and Herzegovina,2024,BIH,3164256,,,,,9.93,34.6,18.27
Botswana,1980,BWA,937493,21143176780.0,2255.29,,,24.36,60.98,7.94
Botswana,1981,BWA,970003,2362259234.0,2435.31,,,24.36,60.98,7.94
Botswana,1982,BWA,1009273,2562518642.0,2538.97,,,24.36,60.98,7.94
Botswana,1983,BWA,1046148,2867984498.0,2741.47,,,24.36,60.98,7.94
Botswana,1984,BWA,1083665,-32595690910.0,3007.91,,,24.36,-609.8,7.94
Botswana,1985,BWA,1121954,3564063346.0,3176.66,50.13099908828735,54.21200991,24.36,60.98,7.94
Botswana,1986,BWA,1160655,3829274528.0,3299.24,,,26.03,62.0,7.73
Botswana,1987,BWA,1199180,4148395078.0,3459.36,,,27.7,63.02,7.52
Botswana,1988,BWA,1235488,4660648876.0,3772.31,,,29.36,64.03,7.31
Botswana,1989,BWA,1270279,6213534958.0,4891.47,,,31.03,65.05,7.1
